lead:deal_name,contact:name,contact:email,company:name
QA_DYN_0391001,Park Minsoo,qa.dyn.inst.0391001.912992@yopmail.com,LG Electronics
QA_DYN_0391002,Jung Haneul,qa.dyn.inst.0391002.510568@yopmail.com,NAVER
QA_DYN_0391003,Yoon Seoyeon,qa.dyn.inst.0391003.580472@yopmail.com,POSCO Holdings
QA_DYN_0391004,Lee Jiho,qa.dyn.inst.0391004.267655@yopmail.com,LG Electronics
QA_DYN_0391005,Cho Eunseo,qa.dyn.inst.0391005.165914@yopmail.com,NAVER
QA_DYN_0391006,Kang Sora,qa.dyn.inst.0391006.555165@yopmail.com,POSCO Holdings
QA_DYN_0391007,Kim Hyunwoo,qa.dyn.inst.0391007.452310@yopmail.com,LG Electronics
QA_DYN_0391008,Choi Minsoo,qa.dyn.inst.0391008.623664@yopmail.com,NAVER
QA_DYN_0391009,Lim Jiyoon,qa.dyn.inst.0391009.841123@yopmail.com,POSCO Holdings
QA_DYN_0391010,Han Doyun,qa.dyn.inst.0391010.474595@yopmail.com,LG Electronics
QA_DYN_0391011,Park Aram,qa.dyn.inst.0391011.862082@yopmail.com,NAVER
QA_DYN_0391012,Jung Jiho,qa.dyn.inst.0391012.917474@yopmail.com,POSCO Holdings
QA_DYN_0391013,Yoon Eunseo,qa.dyn.inst.0391013.942559@yopmail.com,LG Electronics
QA_DYN_0391014,Lee Sora,qa.dyn.inst.0391014.488265@yopmail.com,NAVER
QA_DYN_0391015,Cho Hyunwoo,qa.dyn.inst.0391015.316305@yopmail.com,POSCO Holdings
QA_DYN_0391016,Kang Minsoo,qa.dyn.inst.0391016.123694@yopmail.com,LG Electronics
QA_DYN_0391017,Kim Haneul,qa.dyn.inst.0391017.894502@yopmail.com,NAVER
QA_DYN_0391018,Choi Seoyeon,qa.dyn.inst.0391018.785615@yopmail.com,POSCO Holdings
QA_DYN_0391019,Lim Doyun,qa.dyn.inst.0391019.708862@yopmail.com,LG Electronics
QA_DYN_0391020,Han Aram,qa.dyn.inst.0391020.308090@yopmail.com,NAVER
QA_DYN_0391021,Park Hyunwoo,qa.dyn.inst.0391021.776091@yopmail.com,POSCO Holdings
QA_DYN_0391022,Jung Minsoo,qa.dyn.inst.0391022.351907@yopmail.com,LG Electronics
QA_DYN_0391023,Yoon Jiyoon,qa.dyn.inst.0391023.934607@yopmail.com,NAVER
QA_DYN_0391024,Lee Aram,qa.dyn.inst.0391024.159961@yopmail.com,POSCO Holdings
QA_DYN_0391025,Cho Doyun,qa.dyn.inst.0391025.367892@yopmail.com,LG Electronics
QA_DYN_0391026,Kang Haneul,qa.dyn.inst.0391026.688520@yopmail.com,NAVER
QA_DYN_0391027,Kim Seoyeon,qa.dyn.inst.0391027.327772@yopmail.com,POSCO Holdings
QA_DYN_0391028,Choi Jiho,qa.dyn.inst.0391028.675551@yopmail.com,LG Electronics
QA_DYN_0391029,Lim Eunseo,qa.dyn.inst.0391029.963967@yopmail.com,NAVER
QA_DYN_0391030,Han Sora,qa.dyn.inst.0391030.622946@yopmail.com,POSCO Holdings
QA_DYN_0391031,Park Minsoo,qa.dyn.inst.0391031.309670@yopmail.com,LG Electronics
QA_DYN_0391032,Jung Haneul,qa.dyn.inst.0391032.759452@yopmail.com,NAVER
QA_DYN_0391033,Yoon Seoyeon,qa.dyn.inst.0391033.806667@yopmail.com,POSCO Holdings
QA_DYN_0391034,Lee Jiho,qa.dyn.inst.0391034.579972@yopmail.com,LG Electronics
QA_DYN_0391035,Cho Eunseo,qa.dyn.inst.0391035.863476@yopmail.com,NAVER
QA_DYN_0391036,Kang Sora,qa.dyn.inst.0391036.750660@yopmail.com,POSCO Holdings
QA_DYN_0391037,Kim Hyunwoo,qa.dyn.inst.0391037.373080@yopmail.com,LG Electronics
QA_DYN_0391038,Choi Minsoo,qa.dyn.inst.0391038.290575@yopmail.com,NAVER
QA_DYN_0391039,Lim Jiyoon,qa.dyn.inst.0391039.584598@yopmail.com,POSCO Holdings
QA_DYN_0391040,Han Doyun,qa.dyn.inst.0391040.404538@yopmail.com,LG Electronics
QA_DYN_0391041,Park Aram,qa.dyn.inst.0391041.955708@yopmail.com,NAVER
QA_DYN_0391042,Jung Jiho,qa.dyn.inst.0391042.109942@yopmail.com,POSCO Holdings
QA_DYN_0391043,Yoon Eunseo,qa.dyn.inst.0391043.493279@yopmail.com,LG Electronics
QA_DYN_0391044,Lee Sora,qa.dyn.inst.0391044.284642@yopmail.com,NAVER
QA_DYN_0391045,Cho Hyunwoo,qa.dyn.inst.0391045.321250@yopmail.com,POSCO Holdings
QA_DYN_0391046,Kang Minsoo,qa.dyn.inst.0391046.807607@yopmail.com,LG Electronics
QA_DYN_0391047,Kim Haneul,qa.dyn.inst.0391047.782854@yopmail.com,NAVER
QA_DYN_0391048,Choi Seoyeon,qa.dyn.inst.0391048.999178@yopmail.com,POSCO Holdings
QA_DYN_0391049,Lim Doyun,qa.dyn.inst.0391049.182335@yopmail.com,LG Electronics
QA_DYN_0391050,Han Aram,qa.dyn.inst.0391050.610027@yopmail.com,NAVER
QA_DYN_0391051,Park Hyunwoo,qa.dyn.inst.0391051.619768@yopmail.com,POSCO Holdings
QA_DYN_0391052,Jung Minsoo,qa.dyn.inst.0391052.280804@yopmail.com,LG Electronics
QA_DYN_0391053,Yoon Jiyoon,qa.dyn.inst.0391053.811715@yopmail.com,NAVER
QA_DYN_0391054,Lee Aram,qa.dyn.inst.0391054.399322@yopmail.com,POSCO Holdings
QA_DYN_0391055,Cho Doyun,qa.dyn.inst.0391055.314195@yopmail.com,LG Electronics
QA_DYN_0391056,Kang Haneul,qa.dyn.inst.0391056.167966@yopmail.com,NAVER
QA_DYN_0391057,Kim Seoyeon,qa.dyn.inst.0391057.431196@yopmail.com,POSCO Holdings
QA_DYN_0391058,Choi Jiho,qa.dyn.inst.0391058.751694@yopmail.com,LG Electronics
QA_DYN_0391059,Lim Eunseo,qa.dyn.inst.0391059.459628@yopmail.com,NAVER
QA_DYN_0391060,Han Sora,qa.dyn.inst.0391060.450925@yopmail.com,POSCO Holdings
QA_DYN_0391061,Park Minsoo,qa.dyn.inst.0391061.930738@yopmail.com,LG Electronics
QA_DYN_0391062,Jung Haneul,qa.dyn.inst.0391062.925060@yopmail.com,NAVER
QA_DYN_0391063,Yoon Seoyeon,qa.dyn.inst.0391063.580731@yopmail.com,POSCO Holdings
QA_DYN_0391064,Lee Jiho,qa.dyn.inst.0391064.299673@yopmail.com,LG Electronics
QA_DYN_0391065,Cho Eunseo,qa.dyn.inst.0391065.134353@yopmail.com,NAVER
QA_DYN_0391066,Kang Sora,qa.dyn.inst.0391066.742838@yopmail.com,POSCO Holdings
QA_DYN_0391067,Kim Hyunwoo,qa.dyn.inst.0391067.714395@yopmail.com,LG Electronics
QA_DYN_0391068,Choi Minsoo,qa.dyn.inst.0391068.339493@yopmail.com,NAVER
QA_DYN_0391069,Lim Jiyoon,qa.dyn.inst.0391069.617457@yopmail.com,POSCO Holdings
QA_DYN_0391070,Han Doyun,qa.dyn.inst.0391070.702853@yopmail.com,LG Electronics
QA_DYN_0391071,Park Aram,qa.dyn.inst.0391071.298782@yopmail.com,NAVER
QA_DYN_0391072,Jung Jiho,qa.dyn.inst.0391072.458521@yopmail.com,POSCO Holdings
QA_DYN_0391073,Yoon Eunseo,qa.dyn.inst.0391073.117347@yopmail.com,LG Electronics
QA_DYN_0391074,Lee Sora,qa.dyn.inst.0391074.629406@yopmail.com,NAVER
QA_DYN_0391075,Cho Hyunwoo,qa.dyn.inst.0391075.346087@yopmail.com,POSCO Holdings
QA_DYN_0391076,Kang Minsoo,qa.dyn.inst.0391076.851652@yopmail.com,LG Electronics
QA_DYN_0391077,Kim Haneul,qa.dyn.inst.0391077.941387@yopmail.com,NAVER
QA_DYN_0391078,Choi Seoyeon,qa.dyn.inst.0391078.555792@yopmail.com,POSCO Holdings
QA_DYN_0391079,Lim Doyun,qa.dyn.inst.0391079.427879@yopmail.com,LG Electronics
QA_DYN_0391080,Han Aram,qa.dyn.inst.0391080.539395@yopmail.com,NAVER
QA_DYN_0391081,Park Hyunwoo,qa.dyn.inst.0391081.873535@yopmail.com,POSCO Holdings
QA_DYN_0391082,Jung Minsoo,qa.dyn.inst.0391082.387139@yopmail.com,LG Electronics
QA_DYN_0391083,Yoon Jiyoon,qa.dyn.inst.0391083.595046@yopmail.com,NAVER
QA_DYN_0391084,Lee Aram,qa.dyn.inst.0391084.579717@yopmail.com,POSCO Holdings
QA_DYN_0391085,Cho Doyun,qa.dyn.inst.0391085.528301@yopmail.com,LG Electronics
QA_DYN_0391086,Kang Haneul,qa.dyn.inst.0391086.426229@yopmail.com,NAVER
QA_DYN_0391087,Kim Seoyeon,qa.dyn.inst.0391087.600743@yopmail.com,POSCO Holdings
QA_DYN_0391088,Choi Jiho,qa.dyn.inst.0391088.206774@yopmail.com,LG Electronics
QA_DYN_0391089,Lim Eunseo,qa.dyn.inst.0391089.197613@yopmail.com,NAVER
QA_DYN_0391090,Han Sora,qa.dyn.inst.0391090.417036@yopmail.com,POSCO Holdings
QA_DYN_0391091,Park Minsoo,qa.dyn.inst.0391091.838167@yopmail.com,LG Electronics
QA_DYN_0391092,Jung Haneul,qa.dyn.inst.0391092.747284@yopmail.com,NAVER
QA_DYN_0391093,Yoon Seoyeon,qa.dyn.inst.0391093.903400@yopmail.com,POSCO Holdings
QA_DYN_0391094,Lee Jiho,qa.dyn.inst.0391094.929702@yopmail.com,LG Electronics
QA_DYN_0391095,Cho Eunseo,qa.dyn.inst.0391095.803677@yopmail.com,NAVER
QA_DYN_0391096,Kang Sora,qa.dyn.inst.0391096.156244@yopmail.com,POSCO Holdings
QA_DYN_0391097,Kim Hyunwoo,qa.dyn.inst.0391097.420688@yopmail.com,LG Electronics
QA_DYN_0391098,Choi Minsoo,qa.dyn.inst.0391098.759026@yopmail.com,NAVER
QA_DYN_0391099,Lim Jiyoon,qa.dyn.inst.0391099.374857@yopmail.com,POSCO Holdings
QA_DYN_0391100,Han Doyun,qa.dyn.inst.0391100.981449@yopmail.com,LG Electronics
QA_DYN_0391101,Park Aram,qa.dyn.inst.0391101.607335@yopmail.com,NAVER
QA_DYN_0391102,Jung Jiho,qa.dyn.inst.0391102.796364@yopmail.com,POSCO Holdings
QA_DYN_0391103,Yoon Eunseo,qa.dyn.inst.0391103.649247@yopmail.com,LG Electronics
QA_DYN_0391104,Lee Sora,qa.dyn.inst.0391104.759651@yopmail.com,NAVER
QA_DYN_0391105,Cho Hyunwoo,qa.dyn.inst.0391105.872848@yopmail.com,POSCO Holdings
QA_DYN_0391106,Kang Minsoo,qa.dyn.inst.0391106.737449@yopmail.com,LG Electronics
QA_DYN_0391107,Kim Haneul,qa.dyn.inst.0391107.598023@yopmail.com,NAVER
QA_DYN_0391108,Choi Seoyeon,qa.dyn.inst.0391108.599082@yopmail.com,POSCO Holdings
QA_DYN_0391109,Lim Doyun,qa.dyn.inst.0391109.336856@yopmail.com,LG Electronics
QA_DYN_0391110,Han Aram,qa.dyn.inst.0391110.822387@yopmail.com,NAVER
QA_DYN_0391111,Park Hyunwoo,qa.dyn.inst.0391111.320486@yopmail.com,POSCO Holdings
QA_DYN_0391112,Jung Minsoo,qa.dyn.inst.0391112.289643@yopmail.com,LG Electronics
QA_DYN_0391113,Yoon Jiyoon,qa.dyn.inst.0391113.252206@yopmail.com,NAVER
QA_DYN_0391114,Lee Aram,qa.dyn.inst.0391114.706001@yopmail.com,POSCO Holdings
QA_DYN_0391115,Cho Doyun,qa.dyn.inst.0391115.333550@yopmail.com,LG Electronics
QA_DYN_0391116,Kang Haneul,qa.dyn.inst.0391116.165524@yopmail.com,NAVER
QA_DYN_0391117,Kim Seoyeon,qa.dyn.inst.0391117.832521@yopmail.com,POSCO Holdings
QA_DYN_0391118,Choi Jiho,qa.dyn.inst.0391118.380192@yopmail.com,LG Electronics
QA_DYN_0391119,Lim Eunseo,qa.dyn.inst.0391119.741088@yopmail.com,NAVER
QA_DYN_0391120,Han Sora,qa.dyn.inst.0391120.328558@yopmail.com,POSCO Holdings
QA_DYN_0391121,Park Minsoo,qa.dyn.inst.0391121.819899@yopmail.com,LG Electronics
QA_DYN_0391122,Jung Haneul,qa.dyn.inst.0391122.664796@yopmail.com,NAVER
QA_DYN_0391123,Yoon Seoyeon,qa.dyn.inst.0391123.363320@yopmail.com,POSCO Holdings
QA_DYN_0391124,Lee Jiho,qa.dyn.inst.0391124.579648@yopmail.com,LG Electronics
QA_DYN_0391125,Cho Eunseo,qa.dyn.inst.0391125.518041@yopmail.com,NAVER
QA_DYN_0391126,Kang Sora,qa.dyn.inst.0391126.512517@yopmail.com,POSCO Holdings
QA_DYN_0391127,Kim Hyunwoo,qa.dyn.inst.0391127.143692@yopmail.com,LG Electronics
QA_DYN_0391128,Choi Minsoo,qa.dyn.inst.0391128.458393@yopmail.com,NAVER
QA_DYN_0391129,Lim Jiyoon,qa.dyn.inst.0391129.364764@yopmail.com,POSCO Holdings
QA_DYN_0391130,Han Doyun,qa.dyn.inst.0391130.725212@yopmail.com,LG Electronics
QA_DYN_0391131,Park Aram,qa.dyn.inst.0391131.355905@yopmail.com,NAVER
QA_DYN_0391132,Jung Jiho,qa.dyn.inst.0391132.230504@yopmail.com,POSCO Holdings
QA_DYN_0391133,Yoon Eunseo,qa.dyn.inst.0391133.973812@yopmail.com,LG Electronics
QA_DYN_0391134,Lee Sora,qa.dyn.inst.0391134.360232@yopmail.com,NAVER
QA_DYN_0391135,Cho Hyunwoo,qa.dyn.inst.0391135.622696@yopmail.com,POSCO Holdings
QA_DYN_0391136,Kang Minsoo,qa.dyn.inst.0391136.571663@yopmail.com,LG Electronics
QA_DYN_0391137,Kim Haneul,qa.dyn.inst.0391137.903808@yopmail.com,NAVER
QA_DYN_0391138,Choi Seoyeon,qa.dyn.inst.0391138.464250@yopmail.com,POSCO Holdings
QA_DYN_0391139,Lim Doyun,qa.dyn.inst.0391139.554265@yopmail.com,LG Electronics
QA_DYN_0391140,Han Aram,qa.dyn.inst.0391140.709037@yopmail.com,NAVER
QA_DYN_0391141,Park Hyunwoo,qa.dyn.inst.0391141.154515@yopmail.com,POSCO Holdings
QA_DYN_0391142,Jung Minsoo,qa.dyn.inst.0391142.744901@yopmail.com,LG Electronics
QA_DYN_0391143,Yoon Jiyoon,qa.dyn.inst.0391143.663320@yopmail.com,NAVER
QA_DYN_0391144,Lee Aram,qa.dyn.inst.0391144.292598@yopmail.com,POSCO Holdings
QA_DYN_0391145,Cho Doyun,qa.dyn.inst.0391145.110611@yopmail.com,LG Electronics
QA_DYN_0391146,Kang Haneul,qa.dyn.inst.0391146.685313@yopmail.com,NAVER
QA_DYN_0391147,Kim Seoyeon,qa.dyn.inst.0391147.680750@yopmail.com,POSCO Holdings
QA_DYN_0391148,Choi Jiho,qa.dyn.inst.0391148.640414@yopmail.com,LG Electronics
QA_DYN_0391149,Lim Eunseo,qa.dyn.inst.0391149.317286@yopmail.com,NAVER
QA_DYN_0391150,Han Sora,qa.dyn.inst.0391150.662289@yopmail.com,POSCO Holdings
QA_DYN_0391151,Park Minsoo,qa.dyn.inst.0391151.186014@yopmail.com,LG Electronics
QA_DYN_0391152,Jung Haneul,qa.dyn.inst.0391152.215436@yopmail.com,NAVER
QA_DYN_0391153,Yoon Seoyeon,qa.dyn.inst.0391153.741804@yopmail.com,POSCO Holdings
QA_DYN_0391154,Lee Jiho,qa.dyn.inst.0391154.916379@yopmail.com,LG Electronics
QA_DYN_0391155,Cho Eunseo,qa.dyn.inst.0391155.623589@yopmail.com,NAVER
QA_DYN_0391156,Kang Sora,qa.dyn.inst.0391156.614989@yopmail.com,POSCO Holdings
QA_DYN_0391157,Kim Hyunwoo,qa.dyn.inst.0391157.415979@yopmail.com,LG Electronics
QA_DYN_0391158,Choi Minsoo,qa.dyn.inst.0391158.434142@yopmail.com,NAVER
QA_DYN_0391159,Lim Jiyoon,qa.dyn.inst.0391159.368515@yopmail.com,POSCO Holdings
QA_DYN_0391160,Han Doyun,qa.dyn.inst.0391160.943488@yopmail.com,LG Electronics
QA_DYN_0391161,Park Aram,qa.dyn.inst.0391161.190435@yopmail.com,NAVER
QA_DYN_0391162,Jung Jiho,qa.dyn.inst.0391162.431928@yopmail.com,POSCO Holdings
QA_DYN_0391163,Yoon Eunseo,qa.dyn.inst.0391163.466468@yopmail.com,LG Electronics
QA_DYN_0391164,Lee Sora,qa.dyn.inst.0391164.465344@yopmail.com,NAVER
QA_DYN_0391165,Cho Hyunwoo,qa.dyn.inst.0391165.725893@yopmail.com,POSCO Holdings
QA_DYN_0391166,Kang Minsoo,qa.dyn.inst.0391166.806675@yopmail.com,LG Electronics
QA_DYN_0391167,Kim Haneul,qa.dyn.inst.0391167.474218@yopmail.com,NAVER
QA_DYN_0391168,Choi Seoyeon,qa.dyn.inst.0391168.535879@yopmail.com,POSCO Holdings
QA_DYN_0391169,Lim Doyun,qa.dyn.inst.0391169.152443@yopmail.com,LG Electronics
QA_DYN_0391170,Han Aram,qa.dyn.inst.0391170.317961@yopmail.com,NAVER
QA_DYN_0391171,Park Hyunwoo,qa.dyn.inst.0391171.223120@yopmail.com,POSCO Holdings
QA_DYN_0391172,Jung Minsoo,qa.dyn.inst.0391172.561155@yopmail.com,LG Electronics
QA_DYN_0391173,Yoon Jiyoon,qa.dyn.inst.0391173.154642@yopmail.com,NAVER
QA_DYN_0391174,Lee Aram,qa.dyn.inst.0391174.796339@yopmail.com,POSCO Holdings
QA_DYN_0391175,Cho Doyun,qa.dyn.inst.0391175.651154@yopmail.com,LG Electronics
QA_DYN_0391176,Kang Haneul,qa.dyn.inst.0391176.465112@yopmail.com,NAVER
QA_DYN_0391177,Kim Seoyeon,qa.dyn.inst.0391177.105963@yopmail.com,POSCO Holdings
QA_DYN_0391178,Choi Jiho,qa.dyn.inst.0391178.396852@yopmail.com,LG Electronics
QA_DYN_0391179,Lim Eunseo,qa.dyn.inst.0391179.844845@yopmail.com,NAVER
QA_DYN_0391180,Han Sora,qa.dyn.inst.0391180.159467@yopmail.com,POSCO Holdings
QA_DYN_0391181,Park Minsoo,qa.dyn.inst.0391181.703886@yopmail.com,LG Electronics
QA_DYN_0391182,Jung Haneul,qa.dyn.inst.0391182.452942@yopmail.com,NAVER
QA_DYN_0391183,Yoon Seoyeon,qa.dyn.inst.0391183.673289@yopmail.com,POSCO Holdings
QA_DYN_0391184,Lee Jiho,qa.dyn.inst.0391184.362481@yopmail.com,LG Electronics
QA_DYN_0391185,Cho Eunseo,qa.dyn.inst.0391185.145210@yopmail.com,NAVER
QA_DYN_0391186,Kang Sora,qa.dyn.inst.0391186.517871@yopmail.com,POSCO Holdings
QA_DYN_0391187,Kim Hyunwoo,qa.dyn.inst.0391187.434163@yopmail.com,LG Electronics
QA_DYN_0391188,Choi Minsoo,qa.dyn.inst.0391188.367433@yopmail.com,NAVER
QA_DYN_0391189,Lim Jiyoon,qa.dyn.inst.0391189.922183@yopmail.com,POSCO Holdings
QA_DYN_0391190,Han Doyun,qa.dyn.inst.0391190.139612@yopmail.com,LG Electronics
QA_DYN_0391191,Park Aram,qa.dyn.inst.0391191.780470@yopmail.com,NAVER
QA_DYN_0391192,Jung Jiho,qa.dyn.inst.0391192.759727@yopmail.com,POSCO Holdings
QA_DYN_0391193,Yoon Eunseo,qa.dyn.inst.0391193.400561@yopmail.com,LG Electronics
QA_DYN_0391194,Lee Sora,qa.dyn.inst.0391194.212128@yopmail.com,NAVER
QA_DYN_0391195,Cho Hyunwoo,qa.dyn.inst.0391195.983182@yopmail.com,POSCO Holdings
QA_DYN_0391196,Kang Minsoo,qa.dyn.inst.0391196.148567@yopmail.com,LG Electronics
QA_DYN_0391197,Kim Haneul,qa.dyn.inst.0391197.133017@yopmail.com,NAVER
QA_DYN_0391198,Choi Seoyeon,qa.dyn.inst.0391198.986491@yopmail.com,POSCO Holdings
QA_DYN_0391199,Lim Doyun,qa.dyn.inst.0391199.799105@yopmail.com,LG Electronics
QA_DYN_0391200,Han Aram,qa.dyn.inst.0391200.676319@yopmail.com,NAVER
QA_DYN_0391201,Park Hyunwoo,qa.dyn.inst.0391201.465590@yopmail.com,POSCO Holdings
QA_DYN_0391202,Jung Minsoo,qa.dyn.inst.0391202.799167@yopmail.com,LG Electronics
QA_DYN_0391203,Yoon Jiyoon,qa.dyn.inst.0391203.347250@yopmail.com,NAVER
QA_DYN_0391204,Lee Aram,qa.dyn.inst.0391204.877634@yopmail.com,POSCO Holdings
QA_DYN_0391205,Cho Doyun,qa.dyn.inst.0391205.568244@yopmail.com,LG Electronics
QA_DYN_0391206,Kang Haneul,qa.dyn.inst.0391206.634205@yopmail.com,NAVER
QA_DYN_0391207,Kim Seoyeon,qa.dyn.inst.0391207.467854@yopmail.com,POSCO Holdings
QA_DYN_0391208,Choi Jiho,qa.dyn.inst.0391208.119426@yopmail.com,LG Electronics
QA_DYN_0391209,Lim Eunseo,qa.dyn.inst.0391209.620244@yopmail.com,NAVER
QA_DYN_0391210,Han Sora,qa.dyn.inst.0391210.991549@yopmail.com,POSCO Holdings
QA_DYN_0391211,Park Minsoo,qa.dyn.inst.0391211.280681@yopmail.com,LG Electronics
QA_DYN_0391212,Jung Haneul,qa.dyn.inst.0391212.175238@yopmail.com,NAVER
QA_DYN_0391213,Yoon Seoyeon,qa.dyn.inst.0391213.514814@yopmail.com,POSCO Holdings
QA_DYN_0391214,Lee Jiho,qa.dyn.inst.0391214.691870@yopmail.com,LG Electronics
QA_DYN_0391215,Cho Eunseo,qa.dyn.inst.0391215.734918@yopmail.com,NAVER
QA_DYN_0391216,Kang Sora,qa.dyn.inst.0391216.896480@yopmail.com,POSCO Holdings
QA_DYN_0391217,Kim Hyunwoo,qa.dyn.inst.0391217.398416@yopmail.com,LG Electronics
QA_DYN_0391218,Choi Minsoo,qa.dyn.inst.0391218.990262@yopmail.com,NAVER
QA_DYN_0391219,Lim Jiyoon,qa.dyn.inst.0391219.220005@yopmail.com,POSCO Holdings
QA_DYN_0391220,Han Doyun,qa.dyn.inst.0391220.437947@yopmail.com,LG Electronics
QA_DYN_0391221,Park Aram,qa.dyn.inst.0391221.433295@yopmail.com,NAVER
QA_DYN_0391222,Jung Jiho,qa.dyn.inst.0391222.656383@yopmail.com,POSCO Holdings
QA_DYN_0391223,Yoon Eunseo,qa.dyn.inst.0391223.414905@yopmail.com,LG Electronics
QA_DYN_0391224,Lee Sora,qa.dyn.inst.0391224.388034@yopmail.com,NAVER
QA_DYN_0391225,Cho Hyunwoo,qa.dyn.inst.0391225.973531@yopmail.com,POSCO Holdings
QA_DYN_0391226,Kang Minsoo,qa.dyn.inst.0391226.125240@yopmail.com,LG Electronics
QA_DYN_0391227,Kim Haneul,qa.dyn.inst.0391227.214971@yopmail.com,NAVER
QA_DYN_0391228,Choi Seoyeon,qa.dyn.inst.0391228.819910@yopmail.com,POSCO Holdings
QA_DYN_0391229,Lim Doyun,qa.dyn.inst.0391229.863069@yopmail.com,LG Electronics
QA_DYN_0391230,Han Aram,qa.dyn.inst.0391230.698350@yopmail.com,NAVER
QA_DYN_0391231,Park Hyunwoo,qa.dyn.inst.0391231.371781@yopmail.com,POSCO Holdings
QA_DYN_0391232,Jung Minsoo,qa.dyn.inst.0391232.856684@yopmail.com,LG Electronics
QA_DYN_0391233,Yoon Jiyoon,qa.dyn.inst.0391233.890897@yopmail.com,NAVER
QA_DYN_0391234,Lee Aram,qa.dyn.inst.0391234.859150@yopmail.com,POSCO Holdings
QA_DYN_0391235,Cho Doyun,qa.dyn.inst.0391235.500784@yopmail.com,LG Electronics
QA_DYN_0391236,Kang Haneul,qa.dyn.inst.0391236.499754@yopmail.com,NAVER
QA_DYN_0391237,Kim Seoyeon,qa.dyn.inst.0391237.470435@yopmail.com,POSCO Holdings
QA_DYN_0391238,Choi Jiho,qa.dyn.inst.0391238.520798@yopmail.com,LG Electronics
QA_DYN_0391239,Lim Eunseo,qa.dyn.inst.0391239.757390@yopmail.com,NAVER
QA_DYN_0391240,Han Sora,qa.dyn.inst.0391240.606925@yopmail.com,POSCO Holdings
QA_DYN_0391241,Park Minsoo,qa.dyn.inst.0391241.817955@yopmail.com,LG Electronics
QA_DYN_0391242,Jung Haneul,qa.dyn.inst.0391242.152869@yopmail.com,NAVER
QA_DYN_0391243,Yoon Seoyeon,qa.dyn.inst.0391243.138392@yopmail.com,POSCO Holdings
QA_DYN_0391244,Lee Jiho,qa.dyn.inst.0391244.913404@yopmail.com,LG Electronics
QA_DYN_0391245,Cho Eunseo,qa.dyn.inst.0391245.351609@yopmail.com,NAVER
QA_DYN_0391246,Kang Sora,qa.dyn.inst.0391246.341964@yopmail.com,POSCO Holdings
QA_DYN_0391247,Kim Hyunwoo,qa.dyn.inst.0391247.480427@yopmail.com,LG Electronics
QA_DYN_0391248,Choi Minsoo,qa.dyn.inst.0391248.265641@yopmail.com,NAVER
QA_DYN_0391249,Lim Jiyoon,qa.dyn.inst.0391249.296778@yopmail.com,POSCO Holdings
QA_DYN_0391250,Han Doyun,qa.dyn.inst.0391250.597273@yopmail.com,LG Electronics
QA_DYN_0391251,Park Aram,qa.dyn.inst.0391251.927265@yopmail.com,NAVER
QA_DYN_0391252,Jung Jiho,qa.dyn.inst.0391252.565313@yopmail.com,POSCO Holdings
QA_DYN_0391253,Yoon Eunseo,qa.dyn.inst.0391253.474870@yopmail.com,LG Electronics
QA_DYN_0391254,Lee Sora,qa.dyn.inst.0391254.383263@yopmail.com,NAVER
QA_DYN_0391255,Cho Hyunwoo,qa.dyn.inst.0391255.992472@yopmail.com,POSCO Holdings
QA_DYN_0391256,Kang Minsoo,qa.dyn.inst.0391256.577740@yopmail.com,LG Electronics
QA_DYN_0391257,Kim Haneul,qa.dyn.inst.0391257.260216@yopmail.com,NAVER
QA_DYN_0391258,Choi Seoyeon,qa.dyn.inst.0391258.564768@yopmail.com,POSCO Holdings
QA_DYN_0391259,Lim Doyun,qa.dyn.inst.0391259.801562@yopmail.com,LG Electronics
QA_DYN_0391260,Han Aram,qa.dyn.inst.0391260.982292@yopmail.com,NAVER
QA_DYN_0391261,Park Hyunwoo,qa.dyn.inst.0391261.508826@yopmail.com,POSCO Holdings
QA_DYN_0391262,Jung Minsoo,qa.dyn.inst.0391262.625710@yopmail.com,LG Electronics
QA_DYN_0391263,Yoon Jiyoon,qa.dyn.inst.0391263.724774@yopmail.com,NAVER
QA_DYN_0391264,Lee Aram,qa.dyn.inst.0391264.285440@yopmail.com,POSCO Holdings
QA_DYN_0391265,Cho Doyun,qa.dyn.inst.0391265.715364@yopmail.com,LG Electronics
QA_DYN_0391266,Kang Haneul,qa.dyn.inst.0391266.326374@yopmail.com,NAVER
QA_DYN_0391267,Kim Seoyeon,qa.dyn.inst.0391267.436215@yopmail.com,POSCO Holdings
QA_DYN_0391268,Choi Jiho,qa.dyn.inst.0391268.594091@yopmail.com,LG Electronics
QA_DYN_0391269,Lim Eunseo,qa.dyn.inst.0391269.651919@yopmail.com,NAVER
QA_DYN_0391270,Han Sora,qa.dyn.inst.0391270.767879@yopmail.com,POSCO Holdings
QA_DYN_0391271,Park Minsoo,qa.dyn.inst.0391271.100189@yopmail.com,LG Electronics
QA_DYN_0391272,Jung Haneul,qa.dyn.inst.0391272.345359@yopmail.com,NAVER
QA_DYN_0391273,Yoon Seoyeon,qa.dyn.inst.0391273.771440@yopmail.com,POSCO Holdings
QA_DYN_0391274,Lee Jiho,qa.dyn.inst.0391274.461383@yopmail.com,LG Electronics
QA_DYN_0391275,Cho Eunseo,qa.dyn.inst.0391275.165343@yopmail.com,NAVER
QA_DYN_0391276,Kang Sora,qa.dyn.inst.0391276.938940@yopmail.com,POSCO Holdings
QA_DYN_0391277,Kim Hyunwoo,qa.dyn.inst.0391277.281049@yopmail.com,LG Electronics
QA_DYN_0391278,Choi Minsoo,qa.dyn.inst.0391278.588768@yopmail.com,NAVER
QA_DYN_0391279,Lim Jiyoon,qa.dyn.inst.0391279.316383@yopmail.com,POSCO Holdings
QA_DYN_0391280,Han Doyun,qa.dyn.inst.0391280.845238@yopmail.com,LG Electronics
QA_DYN_0391281,Park Aram,qa.dyn.inst.0391281.914418@yopmail.com,NAVER
QA_DYN_0391282,Jung Jiho,qa.dyn.inst.0391282.328455@yopmail.com,POSCO Holdings
QA_DYN_0391283,Yoon Eunseo,qa.dyn.inst.0391283.606643@yopmail.com,LG Electronics
QA_DYN_0391284,Lee Sora,qa.dyn.inst.0391284.407728@yopmail.com,NAVER
QA_DYN_0391285,Cho Hyunwoo,qa.dyn.inst.0391285.397834@yopmail.com,POSCO Holdings
QA_DYN_0391286,Kang Minsoo,qa.dyn.inst.0391286.190704@yopmail.com,LG Electronics
QA_DYN_0391287,Kim Haneul,qa.dyn.inst.0391287.526330@yopmail.com,NAVER
QA_DYN_0391288,Choi Seoyeon,qa.dyn.inst.0391288.282010@yopmail.com,POSCO Holdings
QA_DYN_0391289,Lim Doyun,qa.dyn.inst.0391289.401147@yopmail.com,LG Electronics
QA_DYN_0391290,Han Aram,qa.dyn.inst.0391290.714366@yopmail.com,NAVER
QA_DYN_0391291,Park Hyunwoo,qa.dyn.inst.0391291.523003@yopmail.com,POSCO Holdings
QA_DYN_0391292,Jung Minsoo,qa.dyn.inst.0391292.317277@yopmail.com,LG Electronics
QA_DYN_0391293,Yoon Jiyoon,qa.dyn.inst.0391293.799854@yopmail.com,NAVER
QA_DYN_0391294,Lee Aram,qa.dyn.inst.0391294.375159@yopmail.com,POSCO Holdings
QA_DYN_0391295,Cho Doyun,qa.dyn.inst.0391295.736427@yopmail.com,LG Electronics
QA_DYN_0391296,Kang Haneul,qa.dyn.inst.0391296.834861@yopmail.com,NAVER
QA_DYN_0391297,Kim Seoyeon,qa.dyn.inst.0391297.729050@yopmail.com,POSCO Holdings
QA_DYN_0391298,Choi Jiho,qa.dyn.inst.0391298.454510@yopmail.com,LG Electronics
QA_DYN_0391299,Lim Eunseo,qa.dyn.inst.0391299.188591@yopmail.com,NAVER
QA_DYN_0391300,Han Sora,qa.dyn.inst.0391300.915617@yopmail.com,POSCO Holdings
QA_DYN_0391301,Park Minsoo,qa.dyn.inst.0391301.524805@yopmail.com,LG Electronics
QA_DYN_0391302,Jung Haneul,qa.dyn.inst.0391302.845497@yopmail.com,NAVER
QA_DYN_0391303,Yoon Seoyeon,qa.dyn.inst.0391303.236036@yopmail.com,POSCO Holdings
QA_DYN_0391304,Lee Jiho,qa.dyn.inst.0391304.342082@yopmail.com,LG Electronics
QA_DYN_0391305,Cho Eunseo,qa.dyn.inst.0391305.150810@yopmail.com,NAVER
QA_DYN_0391306,Kang Sora,qa.dyn.inst.0391306.778230@yopmail.com,POSCO Holdings
QA_DYN_0391307,Kim Hyunwoo,qa.dyn.inst.0391307.134497@yopmail.com,LG Electronics
QA_DYN_0391308,Choi Minsoo,qa.dyn.inst.0391308.142367@yopmail.com,NAVER
QA_DYN_0391309,Lim Jiyoon,qa.dyn.inst.0391309.871730@yopmail.com,POSCO Holdings
QA_DYN_0391310,Han Doyun,qa.dyn.inst.0391310.944503@yopmail.com,LG Electronics
QA_DYN_0391311,Park Aram,qa.dyn.inst.0391311.173280@yopmail.com,NAVER
QA_DYN_0391312,Jung Jiho,qa.dyn.inst.0391312.554228@yopmail.com,POSCO Holdings
QA_DYN_0391313,Yoon Eunseo,qa.dyn.inst.0391313.918353@yopmail.com,LG Electronics
QA_DYN_0391314,Lee Sora,qa.dyn.inst.0391314.233406@yopmail.com,NAVER
QA_DYN_0391315,Cho Hyunwoo,qa.dyn.inst.0391315.116601@yopmail.com,POSCO Holdings
QA_DYN_0391316,Kang Minsoo,qa.dyn.inst.0391316.387577@yopmail.com,LG Electronics
QA_DYN_0391317,Kim Haneul,qa.dyn.inst.0391317.137916@yopmail.com,NAVER
QA_DYN_0391318,Choi Seoyeon,qa.dyn.inst.0391318.764566@yopmail.com,POSCO Holdings
QA_DYN_0391319,Lim Doyun,qa.dyn.inst.0391319.513172@yopmail.com,LG Electronics
QA_DYN_0391320,Han Aram,qa.dyn.inst.0391320.994906@yopmail.com,NAVER
QA_DYN_0391321,Park Hyunwoo,qa.dyn.inst.0391321.849721@yopmail.com,POSCO Holdings
QA_DYN_0391322,Jung Minsoo,qa.dyn.inst.0391322.764447@yopmail.com,LG Electronics
QA_DYN_0391323,Yoon Jiyoon,qa.dyn.inst.0391323.252483@yopmail.com,NAVER
QA_DYN_0391324,Lee Aram,qa.dyn.inst.0391324.821565@yopmail.com,POSCO Holdings
QA_DYN_0391325,Cho Doyun,qa.dyn.inst.0391325.263476@yopmail.com,LG Electronics
QA_DYN_0391326,Kang Haneul,qa.dyn.inst.0391326.728084@yopmail.com,NAVER
QA_DYN_0391327,Kim Seoyeon,qa.dyn.inst.0391327.659372@yopmail.com,POSCO Holdings
QA_DYN_0391328,Choi Jiho,qa.dyn.inst.0391328.491884@yopmail.com,LG Electronics
QA_DYN_0391329,Lim Eunseo,qa.dyn.inst.0391329.655464@yopmail.com,NAVER
QA_DYN_0391330,Han Sora,qa.dyn.inst.0391330.607127@yopmail.com,POSCO Holdings
QA_DYN_0391331,Park Minsoo,qa.dyn.inst.0391331.679882@yopmail.com,LG Electronics
QA_DYN_0391332,Jung Haneul,qa.dyn.inst.0391332.727133@yopmail.com,NAVER
QA_DYN_0391333,Yoon Seoyeon,qa.dyn.inst.0391333.790031@yopmail.com,POSCO Holdings
QA_DYN_0391334,Lee Jiho,qa.dyn.inst.0391334.672631@yopmail.com,LG Electronics
QA_DYN_0391335,Cho Eunseo,qa.dyn.inst.0391335.282586@yopmail.com,NAVER
QA_DYN_0391336,Kang Sora,qa.dyn.inst.0391336.470437@yopmail.com,POSCO Holdings
QA_DYN_0391337,Kim Hyunwoo,qa.dyn.inst.0391337.536843@yopmail.com,LG Electronics
QA_DYN_0391338,Choi Minsoo,qa.dyn.inst.0391338.192732@yopmail.com,NAVER
QA_DYN_0391339,Lim Jiyoon,qa.dyn.inst.0391339.474044@yopmail.com,POSCO Holdings
QA_DYN_0391340,Han Doyun,qa.dyn.inst.0391340.655287@yopmail.com,LG Electronics
QA_DYN_0391341,Park Aram,qa.dyn.inst.0391341.651378@yopmail.com,NAVER
QA_DYN_0391342,Jung Jiho,qa.dyn.inst.0391342.506484@yopmail.com,POSCO Holdings
QA_DYN_0391343,Yoon Eunseo,qa.dyn.inst.0391343.806668@yopmail.com,LG Electronics
QA_DYN_0391344,Lee Sora,qa.dyn.inst.0391344.843032@yopmail.com,NAVER
QA_DYN_0391345,Cho Hyunwoo,qa.dyn.inst.0391345.798524@yopmail.com,POSCO Holdings
QA_DYN_0391346,Kang Minsoo,qa.dyn.inst.0391346.683701@yopmail.com,LG Electronics
QA_DYN_0391347,Kim Haneul,qa.dyn.inst.0391347.420996@yopmail.com,NAVER
QA_DYN_0391348,Choi Seoyeon,qa.dyn.inst.0391348.874399@yopmail.com,POSCO Holdings
QA_DYN_0391349,Lim Doyun,qa.dyn.inst.0391349.650562@yopmail.com,LG Electronics
QA_DYN_0391350,Han Aram,qa.dyn.inst.0391350.890945@yopmail.com,NAVER
QA_DYN_0391351,Park Hyunwoo,qa.dyn.inst.0391351.731468@yopmail.com,POSCO Holdings
QA_DYN_0391352,Jung Minsoo,qa.dyn.inst.0391352.903838@yopmail.com,LG Electronics
QA_DYN_0391353,Yoon Jiyoon,qa.dyn.inst.0391353.124332@yopmail.com,NAVER
QA_DYN_0391354,Lee Aram,qa.dyn.inst.0391354.722205@yopmail.com,POSCO Holdings
QA_DYN_0391355,Cho Doyun,qa.dyn.inst.0391355.661814@yopmail.com,LG Electronics
QA_DYN_0391356,Kang Haneul,qa.dyn.inst.0391356.418530@yopmail.com,NAVER
QA_DYN_0391357,Kim Seoyeon,qa.dyn.inst.0391357.717580@yopmail.com,POSCO Holdings
QA_DYN_0391358,Choi Jiho,qa.dyn.inst.0391358.427852@yopmail.com,LG Electronics
QA_DYN_0391359,Lim Eunseo,qa.dyn.inst.0391359.412984@yopmail.com,NAVER
QA_DYN_0391360,Han Sora,qa.dyn.inst.0391360.514959@yopmail.com,POSCO Holdings
QA_DYN_0391361,Park Minsoo,qa.dyn.inst.0391361.957347@yopmail.com,LG Electronics
QA_DYN_0391362,Jung Haneul,qa.dyn.inst.0391362.311260@yopmail.com,NAVER
QA_DYN_0391363,Yoon Seoyeon,qa.dyn.inst.0391363.285017@yopmail.com,POSCO Holdings
QA_DYN_0391364,Lee Jiho,qa.dyn.inst.0391364.132893@yopmail.com,LG Electronics
QA_DYN_0391365,Cho Eunseo,qa.dyn.inst.0391365.347048@yopmail.com,NAVER
QA_DYN_0391366,Kang Sora,qa.dyn.inst.0391366.889947@yopmail.com,POSCO Holdings
QA_DYN_0391367,Kim Hyunwoo,qa.dyn.inst.0391367.377450@yopmail.com,LG Electronics
QA_DYN_0391368,Choi Minsoo,qa.dyn.inst.0391368.913006@yopmail.com,NAVER
QA_DYN_0391369,Lim Jiyoon,qa.dyn.inst.0391369.335166@yopmail.com,POSCO Holdings
QA_DYN_0391370,Han Doyun,qa.dyn.inst.0391370.684153@yopmail.com,LG Electronics
QA_DYN_0391371,Park Aram,qa.dyn.inst.0391371.670892@yopmail.com,NAVER
QA_DYN_0391372,Jung Jiho,qa.dyn.inst.0391372.249643@yopmail.com,POSCO Holdings
QA_DYN_0391373,Yoon Eunseo,qa.dyn.inst.0391373.522567@yopmail.com,LG Electronics
QA_DYN_0391374,Lee Sora,qa.dyn.inst.0391374.772242@yopmail.com,NAVER
QA_DYN_0391375,Cho Hyunwoo,qa.dyn.inst.0391375.556159@yopmail.com,POSCO Holdings
QA_DYN_0391376,Kang Minsoo,qa.dyn.inst.0391376.699698@yopmail.com,LG Electronics
QA_DYN_0391377,Kim Haneul,qa.dyn.inst.0391377.788889@yopmail.com,NAVER
QA_DYN_0391378,Choi Seoyeon,qa.dyn.inst.0391378.702155@yopmail.com,POSCO Holdings
QA_DYN_0391379,Lim Doyun,qa.dyn.inst.0391379.297760@yopmail.com,LG Electronics
QA_DYN_0391380,Han Aram,qa.dyn.inst.0391380.685471@yopmail.com,NAVER
QA_DYN_0391381,Park Hyunwoo,qa.dyn.inst.0391381.853516@yopmail.com,POSCO Holdings
QA_DYN_0391382,Jung Minsoo,qa.dyn.inst.0391382.967779@yopmail.com,LG Electronics
QA_DYN_0391383,Yoon Jiyoon,qa.dyn.inst.0391383.297605@yopmail.com,NAVER
QA_DYN_0391384,Lee Aram,qa.dyn.inst.0391384.322430@yopmail.com,POSCO Holdings
QA_DYN_0391385,Cho Doyun,qa.dyn.inst.0391385.267354@yopmail.com,LG Electronics
QA_DYN_0391386,Kang Haneul,qa.dyn.inst.0391386.480329@yopmail.com,NAVER
QA_DYN_0391387,Kim Seoyeon,qa.dyn.inst.0391387.824499@yopmail.com,POSCO Holdings
QA_DYN_0391388,Choi Jiho,qa.dyn.inst.0391388.204072@yopmail.com,LG Electronics
QA_DYN_0391389,Lim Eunseo,qa.dyn.inst.0391389.130849@yopmail.com,NAVER
QA_DYN_0391390,Han Sora,qa.dyn.inst.0391390.842953@yopmail.com,POSCO Holdings
QA_DYN_0391391,Park Minsoo,qa.dyn.inst.0391391.873064@yopmail.com,LG Electronics
QA_DYN_0391392,Jung Haneul,qa.dyn.inst.0391392.921890@yopmail.com,NAVER
QA_DYN_0391393,Yoon Seoyeon,qa.dyn.inst.0391393.216935@yopmail.com,POSCO Holdings
QA_DYN_0391394,Lee Jiho,qa.dyn.inst.0391394.692457@yopmail.com,LG Electronics
QA_DYN_0391395,Cho Eunseo,qa.dyn.inst.0391395.728435@yopmail.com,NAVER
QA_DYN_0391396,Kang Sora,qa.dyn.inst.0391396.156226@yopmail.com,POSCO Holdings
QA_DYN_0391397,Kim Hyunwoo,qa.dyn.inst.0391397.198227@yopmail.com,LG Electronics
QA_DYN_0391398,Choi Minsoo,qa.dyn.inst.0391398.711224@yopmail.com,NAVER
QA_DYN_0391399,Lim Jiyoon,qa.dyn.inst.0391399.225581@yopmail.com,POSCO Holdings
QA_DYN_0391400,Han Doyun,qa.dyn.inst.0391400.818969@yopmail.com,LG Electronics
QA_DYN_0391401,Park Aram,qa.dyn.inst.0391401.223928@yopmail.com,NAVER
QA_DYN_0391402,Jung Jiho,qa.dyn.inst.0391402.151376@yopmail.com,POSCO Holdings
QA_DYN_0391403,Yoon Eunseo,qa.dyn.inst.0391403.262621@yopmail.com,LG Electronics
QA_DYN_0391404,Lee Sora,qa.dyn.inst.0391404.373442@yopmail.com,NAVER
QA_DYN_0391405,Cho Hyunwoo,qa.dyn.inst.0391405.227951@yopmail.com,POSCO Holdings
QA_DYN_0391406,Kang Minsoo,qa.dyn.inst.0391406.744351@yopmail.com,LG Electronics
QA_DYN_0391407,Kim Haneul,qa.dyn.inst.0391407.121775@yopmail.com,NAVER
QA_DYN_0391408,Choi Seoyeon,qa.dyn.inst.0391408.269062@yopmail.com,POSCO Holdings
QA_DYN_0391409,Lim Doyun,qa.dyn.inst.0391409.513811@yopmail.com,LG Electronics
QA_DYN_0391410,Han Aram,qa.dyn.inst.0391410.110044@yopmail.com,NAVER
QA_DYN_0391411,Park Hyunwoo,qa.dyn.inst.0391411.254074@yopmail.com,POSCO Holdings
QA_DYN_0391412,Jung Minsoo,qa.dyn.inst.0391412.229740@yopmail.com,LG Electronics
QA_DYN_0391413,Yoon Jiyoon,qa.dyn.inst.0391413.658386@yopmail.com,NAVER
QA_DYN_0391414,Lee Aram,qa.dyn.inst.0391414.718813@yopmail.com,POSCO Holdings
QA_DYN_0391415,Cho Doyun,qa.dyn.inst.0391415.916620@yopmail.com,LG Electronics
QA_DYN_0391416,Kang Haneul,qa.dyn.inst.0391416.448466@yopmail.com,NAVER
QA_DYN_0391417,Kim Seoyeon,qa.dyn.inst.0391417.690929@yopmail.com,POSCO Holdings
QA_DYN_0391418,Choi Jiho,qa.dyn.inst.0391418.728249@yopmail.com,LG Electronics
QA_DYN_0391419,Lim Eunseo,qa.dyn.inst.0391419.795819@yopmail.com,NAVER
QA_DYN_0391420,Han Sora,qa.dyn.inst.0391420.354407@yopmail.com,POSCO Holdings
QA_DYN_0391421,Park Minsoo,qa.dyn.inst.0391421.206416@yopmail.com,LG Electronics
QA_DYN_0391422,Jung Haneul,qa.dyn.inst.0391422.228711@yopmail.com,NAVER
QA_DYN_0391423,Yoon Seoyeon,qa.dyn.inst.0391423.780034@yopmail.com,POSCO Holdings
QA_DYN_0391424,Lee Jiho,qa.dyn.inst.0391424.682846@yopmail.com,LG Electronics
QA_DYN_0391425,Cho Eunseo,qa.dyn.inst.0391425.866338@yopmail.com,NAVER
QA_DYN_0391426,Kang Sora,qa.dyn.inst.0391426.579064@yopmail.com,POSCO Holdings
QA_DYN_0391427,Kim Hyunwoo,qa.dyn.inst.0391427.900978@yopmail.com,LG Electronics
QA_DYN_0391428,Choi Minsoo,qa.dyn.inst.0391428.841207@yopmail.com,NAVER
QA_DYN_0391429,Lim Jiyoon,qa.dyn.inst.0391429.513557@yopmail.com,POSCO Holdings
QA_DYN_0391430,Han Doyun,qa.dyn.inst.0391430.937648@yopmail.com,LG Electronics
QA_DYN_0391431,Park Aram,qa.dyn.inst.0391431.551877@yopmail.com,NAVER
QA_DYN_0391432,Jung Jiho,qa.dyn.inst.0391432.559956@yopmail.com,POSCO Holdings
QA_DYN_0391433,Yoon Eunseo,qa.dyn.inst.0391433.150879@yopmail.com,LG Electronics
QA_DYN_0391434,Lee Sora,qa.dyn.inst.0391434.761929@yopmail.com,NAVER
QA_DYN_0391435,Cho Hyunwoo,qa.dyn.inst.0391435.303062@yopmail.com,POSCO Holdings
QA_DYN_0391436,Kang Minsoo,qa.dyn.inst.0391436.880813@yopmail.com,LG Electronics
QA_DYN_0391437,Kim Haneul,qa.dyn.inst.0391437.896240@yopmail.com,NAVER
QA_DYN_0391438,Choi Seoyeon,qa.dyn.inst.0391438.161223@yopmail.com,POSCO Holdings
QA_DYN_0391439,Lim Doyun,qa.dyn.inst.0391439.154281@yopmail.com,LG Electronics
QA_DYN_0391440,Han Aram,qa.dyn.inst.0391440.213631@yopmail.com,NAVER
QA_DYN_0391441,Park Hyunwoo,qa.dyn.inst.0391441.496034@yopmail.com,POSCO Holdings
QA_DYN_0391442,Jung Minsoo,qa.dyn.inst.0391442.547032@yopmail.com,LG Electronics
QA_DYN_0391443,Yoon Jiyoon,qa.dyn.inst.0391443.608174@yopmail.com,NAVER
QA_DYN_0391444,Lee Aram,qa.dyn.inst.0391444.615251@yopmail.com,POSCO Holdings
QA_DYN_0391445,Cho Doyun,qa.dyn.inst.0391445.675636@yopmail.com,LG Electronics
QA_DYN_0391446,Kang Haneul,qa.dyn.inst.0391446.809206@yopmail.com,NAVER
QA_DYN_0391447,Kim Seoyeon,qa.dyn.inst.0391447.463319@yopmail.com,POSCO Holdings
QA_DYN_0391448,Choi Jiho,qa.dyn.inst.0391448.979014@yopmail.com,LG Electronics
QA_DYN_0391449,Lim Eunseo,qa.dyn.inst.0391449.518660@yopmail.com,NAVER
QA_DYN_0391450,Han Sora,qa.dyn.inst.0391450.322261@yopmail.com,POSCO Holdings
QA_DYN_0391451,Park Minsoo,qa.dyn.inst.0391451.796736@yopmail.com,LG Electronics
QA_DYN_0391452,Jung Haneul,qa.dyn.inst.0391452.579364@yopmail.com,NAVER
QA_DYN_0391453,Yoon Seoyeon,qa.dyn.inst.0391453.241367@yopmail.com,POSCO Holdings
QA_DYN_0391454,Lee Jiho,qa.dyn.inst.0391454.685822@yopmail.com,LG Electronics
QA_DYN_0391455,Cho Eunseo,qa.dyn.inst.0391455.150536@yopmail.com,NAVER
QA_DYN_0391456,Kang Sora,qa.dyn.inst.0391456.557361@yopmail.com,POSCO Holdings
QA_DYN_0391457,Kim Hyunwoo,qa.dyn.inst.0391457.128073@yopmail.com,LG Electronics
QA_DYN_0391458,Choi Minsoo,qa.dyn.inst.0391458.918501@yopmail.com,NAVER
QA_DYN_0391459,Lim Jiyoon,qa.dyn.inst.0391459.702649@yopmail.com,POSCO Holdings
QA_DYN_0391460,Han Doyun,qa.dyn.inst.0391460.993192@yopmail.com,LG Electronics
QA_DYN_0391461,Park Aram,qa.dyn.inst.0391461.265532@yopmail.com,NAVER
QA_DYN_0391462,Jung Jiho,qa.dyn.inst.0391462.952514@yopmail.com,POSCO Holdings
QA_DYN_0391463,Yoon Eunseo,qa.dyn.inst.0391463.498396@yopmail.com,LG Electronics
QA_DYN_0391464,Lee Sora,qa.dyn.inst.0391464.785707@yopmail.com,NAVER
QA_DYN_0391465,Cho Hyunwoo,qa.dyn.inst.0391465.686419@yopmail.com,POSCO Holdings
QA_DYN_0391466,Kang Minsoo,qa.dyn.inst.0391466.178208@yopmail.com,LG Electronics
QA_DYN_0391467,Kim Haneul,qa.dyn.inst.0391467.188950@yopmail.com,NAVER
QA_DYN_0391468,Choi Seoyeon,qa.dyn.inst.0391468.585057@yopmail.com,POSCO Holdings
QA_DYN_0391469,Lim Doyun,qa.dyn.inst.0391469.299137@yopmail.com,LG Electronics
QA_DYN_0391470,Han Aram,qa.dyn.inst.0391470.701575@yopmail.com,NAVER
QA_DYN_0391471,Park Hyunwoo,qa.dyn.inst.0391471.839831@yopmail.com,POSCO Holdings
QA_DYN_0391472,Jung Minsoo,qa.dyn.inst.0391472.898451@yopmail.com,LG Electronics
QA_DYN_0391473,Yoon Jiyoon,qa.dyn.inst.0391473.691917@yopmail.com,NAVER
QA_DYN_0391474,Lee Aram,qa.dyn.inst.0391474.952267@yopmail.com,POSCO Holdings
QA_DYN_0391475,Cho Doyun,qa.dyn.inst.0391475.926892@yopmail.com,LG Electronics
QA_DYN_0391476,Kang Haneul,qa.dyn.inst.0391476.432725@yopmail.com,NAVER
QA_DYN_0391477,Kim Seoyeon,qa.dyn.inst.0391477.383693@yopmail.com,POSCO Holdings
QA_DYN_0391478,Choi Jiho,qa.dyn.inst.0391478.748207@yopmail.com,LG Electronics
QA_DYN_0391479,Lim Eunseo,qa.dyn.inst.0391479.118506@yopmail.com,NAVER
QA_DYN_0391480,Han Sora,qa.dyn.inst.0391480.925544@yopmail.com,POSCO Holdings
QA_DYN_0391481,Park Minsoo,qa.dyn.inst.0391481.727081@yopmail.com,LG Electronics
QA_DYN_0391482,Jung Haneul,qa.dyn.inst.0391482.761075@yopmail.com,NAVER
QA_DYN_0391483,Yoon Seoyeon,qa.dyn.inst.0391483.849203@yopmail.com,POSCO Holdings
QA_DYN_0391484,Lee Jiho,qa.dyn.inst.0391484.301393@yopmail.com,LG Electronics
QA_DYN_0391485,Cho Eunseo,qa.dyn.inst.0391485.571848@yopmail.com,NAVER
QA_DYN_0391486,Kang Sora,qa.dyn.inst.0391486.765501@yopmail.com,POSCO Holdings
QA_DYN_0391487,Kim Hyunwoo,qa.dyn.inst.0391487.710312@yopmail.com,LG Electronics
QA_DYN_0391488,Choi Minsoo,qa.dyn.inst.0391488.958339@yopmail.com,NAVER
QA_DYN_0391489,Lim Jiyoon,qa.dyn.inst.0391489.111615@yopmail.com,POSCO Holdings
QA_DYN_0391490,Han Doyun,qa.dyn.inst.0391490.890728@yopmail.com,LG Electronics
QA_DYN_0391491,Park Aram,qa.dyn.inst.0391491.486564@yopmail.com,NAVER
QA_DYN_0391492,Jung Jiho,qa.dyn.inst.0391492.320149@yopmail.com,POSCO Holdings
QA_DYN_0391493,Yoon Eunseo,qa.dyn.inst.0391493.557835@yopmail.com,LG Electronics
QA_DYN_0391494,Lee Sora,qa.dyn.inst.0391494.127731@yopmail.com,NAVER
QA_DYN_0391495,Cho Hyunwoo,qa.dyn.inst.0391495.767914@yopmail.com,POSCO Holdings
QA_DYN_0391496,Kang Minsoo,qa.dyn.inst.0391496.599711@yopmail.com,LG Electronics
QA_DYN_0391497,Kim Haneul,qa.dyn.inst.0391497.647126@yopmail.com,NAVER
QA_DYN_0391498,Choi Seoyeon,qa.dyn.inst.0391498.536684@yopmail.com,POSCO Holdings
QA_DYN_0391499,Lim Doyun,qa.dyn.inst.0391499.915771@yopmail.com,LG Electronics
QA_DYN_0391500,Han Aram,qa.dyn.inst.0391500.899234@yopmail.com,NAVER
QA_DYN_0391501,Park Hyunwoo,qa.dyn.inst.0391501.588232@yopmail.com,POSCO Holdings
QA_DYN_0391502,Jung Minsoo,qa.dyn.inst.0391502.995241@yopmail.com,LG Electronics
QA_DYN_0391503,Yoon Jiyoon,qa.dyn.inst.0391503.831092@yopmail.com,NAVER
QA_DYN_0391504,Lee Aram,qa.dyn.inst.0391504.541810@yopmail.com,POSCO Holdings
QA_DYN_0391505,Cho Doyun,qa.dyn.inst.0391505.322440@yopmail.com,LG Electronics
QA_DYN_0391506,Kang Haneul,qa.dyn.inst.0391506.655579@yopmail.com,NAVER
QA_DYN_0391507,Kim Seoyeon,qa.dyn.inst.0391507.864717@yopmail.com,POSCO Holdings
QA_DYN_0391508,Choi Jiho,qa.dyn.inst.0391508.308770@yopmail.com,LG Electronics
QA_DYN_0391509,Lim Eunseo,qa.dyn.inst.0391509.257472@yopmail.com,NAVER
QA_DYN_0391510,Han Sora,qa.dyn.inst.0391510.291143@yopmail.com,POSCO Holdings
QA_DYN_0391511,Park Minsoo,qa.dyn.inst.0391511.236137@yopmail.com,LG Electronics
QA_DYN_0391512,Jung Haneul,qa.dyn.inst.0391512.734505@yopmail.com,NAVER
QA_DYN_0391513,Yoon Seoyeon,qa.dyn.inst.0391513.639094@yopmail.com,POSCO Holdings
QA_DYN_0391514,Lee Jiho,qa.dyn.inst.0391514.516326@yopmail.com,LG Electronics
QA_DYN_0391515,Cho Eunseo,qa.dyn.inst.0391515.551129@yopmail.com,NAVER
QA_DYN_0391516,Kang Sora,qa.dyn.inst.0391516.720837@yopmail.com,POSCO Holdings
QA_DYN_0391517,Kim Hyunwoo,qa.dyn.inst.0391517.176545@yopmail.com,LG Electronics
QA_DYN_0391518,Choi Minsoo,qa.dyn.inst.0391518.432406@yopmail.com,NAVER
QA_DYN_0391519,Lim Jiyoon,qa.dyn.inst.0391519.876738@yopmail.com,POSCO Holdings
QA_DYN_0391520,Han Doyun,qa.dyn.inst.0391520.903663@yopmail.com,LG Electronics
QA_DYN_0391521,Park Aram,qa.dyn.inst.0391521.955734@yopmail.com,NAVER
QA_DYN_0391522,Jung Jiho,qa.dyn.inst.0391522.107742@yopmail.com,POSCO Holdings
QA_DYN_0391523,Yoon Eunseo,qa.dyn.inst.0391523.361339@yopmail.com,LG Electronics
QA_DYN_0391524,Lee Sora,qa.dyn.inst.0391524.926203@yopmail.com,NAVER
QA_DYN_0391525,Cho Hyunwoo,qa.dyn.inst.0391525.195967@yopmail.com,POSCO Holdings
QA_DYN_0391526,Kang Minsoo,qa.dyn.inst.0391526.631941@yopmail.com,LG Electronics
QA_DYN_0391527,Kim Haneul,qa.dyn.inst.0391527.108009@yopmail.com,NAVER
QA_DYN_0391528,Choi Seoyeon,qa.dyn.inst.0391528.528814@yopmail.com,POSCO Holdings
QA_DYN_0391529,Lim Doyun,qa.dyn.inst.0391529.887614@yopmail.com,LG Electronics
QA_DYN_0391530,Han Aram,qa.dyn.inst.0391530.224260@yopmail.com,NAVER
QA_DYN_0391531,Park Hyunwoo,qa.dyn.inst.0391531.638992@yopmail.com,POSCO Holdings
QA_DYN_0391532,Jung Minsoo,qa.dyn.inst.0391532.228164@yopmail.com,LG Electronics
QA_DYN_0391533,Yoon Jiyoon,qa.dyn.inst.0391533.833976@yopmail.com,NAVER
QA_DYN_0391534,Lee Aram,qa.dyn.inst.0391534.988957@yopmail.com,POSCO Holdings
QA_DYN_0391535,Cho Doyun,qa.dyn.inst.0391535.718542@yopmail.com,LG Electronics
QA_DYN_0391536,Kang Haneul,qa.dyn.inst.0391536.805174@yopmail.com,NAVER
QA_DYN_0391537,Kim Seoyeon,qa.dyn.inst.0391537.328729@yopmail.com,POSCO Holdings
QA_DYN_0391538,Choi Jiho,qa.dyn.inst.0391538.675805@yopmail.com,LG Electronics
QA_DYN_0391539,Lim Eunseo,qa.dyn.inst.0391539.412574@yopmail.com,NAVER
QA_DYN_0391540,Han Sora,qa.dyn.inst.0391540.842813@yopmail.com,POSCO Holdings
QA_DYN_0391541,Park Minsoo,qa.dyn.inst.0391541.578680@yopmail.com,LG Electronics
QA_DYN_0391542,Jung Haneul,qa.dyn.inst.0391542.543193@yopmail.com,NAVER
QA_DYN_0391543,Yoon Seoyeon,qa.dyn.inst.0391543.496451@yopmail.com,POSCO Holdings
QA_DYN_0391544,Lee Jiho,qa.dyn.inst.0391544.503377@yopmail.com,LG Electronics
QA_DYN_0391545,Cho Eunseo,qa.dyn.inst.0391545.564779@yopmail.com,NAVER
QA_DYN_0391546,Kang Sora,qa.dyn.inst.0391546.290664@yopmail.com,POSCO Holdings
QA_DYN_0391547,Kim Hyunwoo,qa.dyn.inst.0391547.849411@yopmail.com,LG Electronics
QA_DYN_0391548,Choi Minsoo,qa.dyn.inst.0391548.658509@yopmail.com,NAVER
QA_DYN_0391549,Lim Jiyoon,qa.dyn.inst.0391549.987371@yopmail.com,POSCO Holdings
QA_DYN_0391550,Han Doyun,qa.dyn.inst.0391550.122449@yopmail.com,LG Electronics
QA_DYN_0391551,Park Aram,qa.dyn.inst.0391551.447943@yopmail.com,NAVER
QA_DYN_0391552,Jung Jiho,qa.dyn.inst.0391552.374688@yopmail.com,POSCO Holdings
QA_DYN_0391553,Yoon Eunseo,qa.dyn.inst.0391553.546701@yopmail.com,LG Electronics
QA_DYN_0391554,Lee Sora,qa.dyn.inst.0391554.952409@yopmail.com,NAVER
QA_DYN_0391555,Cho Hyunwoo,qa.dyn.inst.0391555.222741@yopmail.com,POSCO Holdings
QA_DYN_0391556,Kang Minsoo,qa.dyn.inst.0391556.107316@yopmail.com,LG Electronics
QA_DYN_0391557,Kim Haneul,qa.dyn.inst.0391557.592796@yopmail.com,NAVER
QA_DYN_0391558,Choi Seoyeon,qa.dyn.inst.0391558.159481@yopmail.com,POSCO Holdings
QA_DYN_0391559,Lim Doyun,qa.dyn.inst.0391559.594026@yopmail.com,LG Electronics
QA_DYN_0391560,Han Aram,qa.dyn.inst.0391560.213420@yopmail.com,NAVER
QA_DYN_0391561,Park Hyunwoo,qa.dyn.inst.0391561.367108@yopmail.com,POSCO Holdings
QA_DYN_0391562,Jung Minsoo,qa.dyn.inst.0391562.984159@yopmail.com,LG Electronics
QA_DYN_0391563,Yoon Jiyoon,qa.dyn.inst.0391563.240463@yopmail.com,NAVER
QA_DYN_0391564,Lee Aram,qa.dyn.inst.0391564.769963@yopmail.com,POSCO Holdings
QA_DYN_0391565,Cho Doyun,qa.dyn.inst.0391565.782334@yopmail.com,LG Electronics
QA_DYN_0391566,Kang Haneul,qa.dyn.inst.0391566.745665@yopmail.com,NAVER
QA_DYN_0391567,Kim Seoyeon,qa.dyn.inst.0391567.378187@yopmail.com,POSCO Holdings
QA_DYN_0391568,Choi Jiho,qa.dyn.inst.0391568.297087@yopmail.com,LG Electronics
QA_DYN_0391569,Lim Eunseo,qa.dyn.inst.0391569.369766@yopmail.com,NAVER
QA_DYN_0391570,Han Sora,qa.dyn.inst.0391570.860422@yopmail.com,POSCO Holdings
QA_DYN_0391571,Park Minsoo,qa.dyn.inst.0391571.966380@yopmail.com,LG Electronics
QA_DYN_0391572,Jung Haneul,qa.dyn.inst.0391572.443927@yopmail.com,NAVER
QA_DYN_0391573,Yoon Seoyeon,qa.dyn.inst.0391573.391467@yopmail.com,POSCO Holdings
QA_DYN_0391574,Lee Jiho,qa.dyn.inst.0391574.642724@yopmail.com,LG Electronics
QA_DYN_0391575,Cho Eunseo,qa.dyn.inst.0391575.938667@yopmail.com,NAVER
QA_DYN_0391576,Kang Sora,qa.dyn.inst.0391576.543617@yopmail.com,POSCO Holdings
QA_DYN_0391577,Kim Hyunwoo,qa.dyn.inst.0391577.124606@yopmail.com,LG Electronics
QA_DYN_0391578,Choi Minsoo,qa.dyn.inst.0391578.477385@yopmail.com,NAVER
QA_DYN_0391579,Lim Jiyoon,qa.dyn.inst.0391579.145585@yopmail.com,POSCO Holdings
QA_DYN_0391580,Han Doyun,qa.dyn.inst.0391580.499301@yopmail.com,LG Electronics
QA_DYN_0391581,Park Aram,qa.dyn.inst.0391581.892654@yopmail.com,NAVER
QA_DYN_0391582,Jung Jiho,qa.dyn.inst.0391582.565297@yopmail.com,POSCO Holdings
QA_DYN_0391583,Yoon Eunseo,qa.dyn.inst.0391583.759294@yopmail.com,LG Electronics
QA_DYN_0391584,Lee Sora,qa.dyn.inst.0391584.326991@yopmail.com,NAVER
QA_DYN_0391585,Cho Hyunwoo,qa.dyn.inst.0391585.485611@yopmail.com,POSCO Holdings
QA_DYN_0391586,Kang Minsoo,qa.dyn.inst.0391586.186469@yopmail.com,LG Electronics
QA_DYN_0391587,Kim Haneul,qa.dyn.inst.0391587.262664@yopmail.com,NAVER
QA_DYN_0391588,Choi Seoyeon,qa.dyn.inst.0391588.113643@yopmail.com,POSCO Holdings
QA_DYN_0391589,Lim Doyun,qa.dyn.inst.0391589.924905@yopmail.com,LG Electronics
QA_DYN_0391590,Han Aram,qa.dyn.inst.0391590.182035@yopmail.com,NAVER
QA_DYN_0391591,Park Hyunwoo,qa.dyn.inst.0391591.990292@yopmail.com,POSCO Holdings
QA_DYN_0391592,Jung Minsoo,qa.dyn.inst.0391592.420827@yopmail.com,LG Electronics
QA_DYN_0391593,Yoon Jiyoon,qa.dyn.inst.0391593.639972@yopmail.com,NAVER
QA_DYN_0391594,Lee Aram,qa.dyn.inst.0391594.661462@yopmail.com,POSCO Holdings
QA_DYN_0391595,Cho Doyun,qa.dyn.inst.0391595.730070@yopmail.com,LG Electronics
QA_DYN_0391596,Kang Haneul,qa.dyn.inst.0391596.266162@yopmail.com,NAVER
QA_DYN_0391597,Kim Seoyeon,qa.dyn.inst.0391597.380678@yopmail.com,POSCO Holdings
QA_DYN_0391598,Choi Jiho,qa.dyn.inst.0391598.271826@yopmail.com,LG Electronics
QA_DYN_0391599,Lim Eunseo,qa.dyn.inst.0391599.387045@yopmail.com,NAVER
QA_DYN_0391600,Han Sora,qa.dyn.inst.0391600.707640@yopmail.com,POSCO Holdings
QA_DYN_0391601,Park Minsoo,qa.dyn.inst.0391601.654956@yopmail.com,LG Electronics
QA_DYN_0391602,Jung Haneul,qa.dyn.inst.0391602.406880@yopmail.com,NAVER
QA_DYN_0391603,Yoon Seoyeon,qa.dyn.inst.0391603.327039@yopmail.com,POSCO Holdings
QA_DYN_0391604,Lee Jiho,qa.dyn.inst.0391604.626424@yopmail.com,LG Electronics
QA_DYN_0391605,Cho Eunseo,qa.dyn.inst.0391605.496305@yopmail.com,NAVER
QA_DYN_0391606,Kang Sora,qa.dyn.inst.0391606.201813@yopmail.com,POSCO Holdings
QA_DYN_0391607,Kim Hyunwoo,qa.dyn.inst.0391607.915420@yopmail.com,LG Electronics
QA_DYN_0391608,Choi Minsoo,qa.dyn.inst.0391608.569434@yopmail.com,NAVER
QA_DYN_0391609,Lim Jiyoon,qa.dyn.inst.0391609.846028@yopmail.com,POSCO Holdings
QA_DYN_0391610,Han Doyun,qa.dyn.inst.0391610.910300@yopmail.com,LG Electronics
QA_DYN_0391611,Park Aram,qa.dyn.inst.0391611.833715@yopmail.com,NAVER
QA_DYN_0391612,Jung Jiho,qa.dyn.inst.0391612.976314@yopmail.com,POSCO Holdings
QA_DYN_0391613,Yoon Eunseo,qa.dyn.inst.0391613.907216@yopmail.com,LG Electronics
QA_DYN_0391614,Lee Sora,qa.dyn.inst.0391614.854186@yopmail.com,NAVER
QA_DYN_0391615,Cho Hyunwoo,qa.dyn.inst.0391615.622919@yopmail.com,POSCO Holdings
QA_DYN_0391616,Kang Minsoo,qa.dyn.inst.0391616.911118@yopmail.com,LG Electronics
QA_DYN_0391617,Kim Haneul,qa.dyn.inst.0391617.902419@yopmail.com,NAVER
QA_DYN_0391618,Choi Seoyeon,qa.dyn.inst.0391618.470557@yopmail.com,POSCO Holdings
QA_DYN_0391619,Lim Doyun,qa.dyn.inst.0391619.333435@yopmail.com,LG Electronics
QA_DYN_0391620,Han Aram,qa.dyn.inst.0391620.541434@yopmail.com,NAVER
QA_DYN_0391621,Park Hyunwoo,qa.dyn.inst.0391621.930966@yopmail.com,POSCO Holdings
QA_DYN_0391622,Jung Minsoo,qa.dyn.inst.0391622.190039@yopmail.com,LG Electronics
QA_DYN_0391623,Yoon Jiyoon,qa.dyn.inst.0391623.683984@yopmail.com,NAVER
QA_DYN_0391624,Lee Aram,qa.dyn.inst.0391624.246712@yopmail.com,POSCO Holdings
QA_DYN_0391625,Cho Doyun,qa.dyn.inst.0391625.370893@yopmail.com,LG Electronics
QA_DYN_0391626,Kang Haneul,qa.dyn.inst.0391626.651036@yopmail.com,NAVER
QA_DYN_0391627,Kim Seoyeon,qa.dyn.inst.0391627.776716@yopmail.com,POSCO Holdings
QA_DYN_0391628,Choi Jiho,qa.dyn.inst.0391628.492481@yopmail.com,LG Electronics
QA_DYN_0391629,Lim Eunseo,qa.dyn.inst.0391629.339810@yopmail.com,NAVER
QA_DYN_0391630,Han Sora,qa.dyn.inst.0391630.143517@yopmail.com,POSCO Holdings
QA_DYN_0391631,Park Minsoo,qa.dyn.inst.0391631.994696@yopmail.com,LG Electronics
QA_DYN_0391632,Jung Haneul,qa.dyn.inst.0391632.916100@yopmail.com,NAVER
QA_DYN_0391633,Yoon Seoyeon,qa.dyn.inst.0391633.122111@yopmail.com,POSCO Holdings
QA_DYN_0391634,Lee Jiho,qa.dyn.inst.0391634.107974@yopmail.com,LG Electronics
QA_DYN_0391635,Cho Eunseo,qa.dyn.inst.0391635.644652@yopmail.com,NAVER
QA_DYN_0391636,Kang Sora,qa.dyn.inst.0391636.862332@yopmail.com,POSCO Holdings
QA_DYN_0391637,Kim Hyunwoo,qa.dyn.inst.0391637.643613@yopmail.com,LG Electronics
QA_DYN_0391638,Choi Minsoo,qa.dyn.inst.0391638.235018@yopmail.com,NAVER
QA_DYN_0391639,Lim Jiyoon,qa.dyn.inst.0391639.128789@yopmail.com,POSCO Holdings
QA_DYN_0391640,Han Doyun,qa.dyn.inst.0391640.383426@yopmail.com,LG Electronics
QA_DYN_0391641,Park Aram,qa.dyn.inst.0391641.864865@yopmail.com,NAVER
QA_DYN_0391642,Jung Jiho,qa.dyn.inst.0391642.274521@yopmail.com,POSCO Holdings
QA_DYN_0391643,Yoon Eunseo,qa.dyn.inst.0391643.398170@yopmail.com,LG Electronics
QA_DYN_0391644,Lee Sora,qa.dyn.inst.0391644.799867@yopmail.com,NAVER
QA_DYN_0391645,Cho Hyunwoo,qa.dyn.inst.0391645.925249@yopmail.com,POSCO Holdings
QA_DYN_0391646,Kang Minsoo,qa.dyn.inst.0391646.490995@yopmail.com,LG Electronics
QA_DYN_0391647,Kim Haneul,qa.dyn.inst.0391647.503402@yopmail.com,NAVER
QA_DYN_0391648,Choi Seoyeon,qa.dyn.inst.0391648.371793@yopmail.com,POSCO Holdings
QA_DYN_0391649,Lim Doyun,qa.dyn.inst.0391649.896215@yopmail.com,LG Electronics
QA_DYN_0391650,Han Aram,qa.dyn.inst.0391650.221617@yopmail.com,NAVER
QA_DYN_0391651,Park Hyunwoo,qa.dyn.inst.0391651.318122@yopmail.com,POSCO Holdings
QA_DYN_0391652,Jung Minsoo,qa.dyn.inst.0391652.292081@yopmail.com,LG Electronics
QA_DYN_0391653,Yoon Jiyoon,qa.dyn.inst.0391653.407372@yopmail.com,NAVER
QA_DYN_0391654,Lee Aram,qa.dyn.inst.0391654.351068@yopmail.com,POSCO Holdings
QA_DYN_0391655,Cho Doyun,qa.dyn.inst.0391655.740156@yopmail.com,LG Electronics
QA_DYN_0391656,Kang Haneul,qa.dyn.inst.0391656.720358@yopmail.com,NAVER
QA_DYN_0391657,Kim Seoyeon,qa.dyn.inst.0391657.755694@yopmail.com,POSCO Holdings
QA_DYN_0391658,Choi Jiho,qa.dyn.inst.0391658.202916@yopmail.com,LG Electronics
QA_DYN_0391659,Lim Eunseo,qa.dyn.inst.0391659.432828@yopmail.com,NAVER
QA_DYN_0391660,Han Sora,qa.dyn.inst.0391660.329198@yopmail.com,POSCO Holdings
QA_DYN_0391661,Park Minsoo,qa.dyn.inst.0391661.748894@yopmail.com,LG Electronics
QA_DYN_0391662,Jung Haneul,qa.dyn.inst.0391662.487466@yopmail.com,NAVER
QA_DYN_0391663,Yoon Seoyeon,qa.dyn.inst.0391663.574068@yopmail.com,POSCO Holdings
QA_DYN_0391664,Lee Jiho,qa.dyn.inst.0391664.765859@yopmail.com,LG Electronics
QA_DYN_0391665,Cho Eunseo,qa.dyn.inst.0391665.555451@yopmail.com,NAVER
QA_DYN_0391666,Kang Sora,qa.dyn.inst.0391666.787053@yopmail.com,POSCO Holdings
QA_DYN_0391667,Kim Hyunwoo,qa.dyn.inst.0391667.413818@yopmail.com,LG Electronics
QA_DYN_0391668,Choi Minsoo,qa.dyn.inst.0391668.393375@yopmail.com,NAVER
QA_DYN_0391669,Lim Jiyoon,qa.dyn.inst.0391669.187352@yopmail.com,POSCO Holdings
QA_DYN_0391670,Han Doyun,qa.dyn.inst.0391670.417580@yopmail.com,LG Electronics
QA_DYN_0391671,Park Aram,qa.dyn.inst.0391671.658883@yopmail.com,NAVER
QA_DYN_0391672,Jung Jiho,qa.dyn.inst.0391672.986153@yopmail.com,POSCO Holdings
QA_DYN_0391673,Yoon Eunseo,qa.dyn.inst.0391673.803068@yopmail.com,LG Electronics
QA_DYN_0391674,Lee Sora,qa.dyn.inst.0391674.846752@yopmail.com,NAVER
QA_DYN_0391675,Cho Hyunwoo,qa.dyn.inst.0391675.965794@yopmail.com,POSCO Holdings
QA_DYN_0391676,Kang Minsoo,qa.dyn.inst.0391676.308296@yopmail.com,LG Electronics
QA_DYN_0391677,Kim Haneul,qa.dyn.inst.0391677.143652@yopmail.com,NAVER
QA_DYN_0391678,Choi Seoyeon,qa.dyn.inst.0391678.682237@yopmail.com,POSCO Holdings
QA_DYN_0391679,Lim Doyun,qa.dyn.inst.0391679.788374@yopmail.com,LG Electronics
QA_DYN_0391680,Han Aram,qa.dyn.inst.0391680.193086@yopmail.com,NAVER
QA_DYN_0391681,Park Hyunwoo,qa.dyn.inst.0391681.173009@yopmail.com,POSCO Holdings
QA_DYN_0391682,Jung Minsoo,qa.dyn.inst.0391682.175631@yopmail.com,LG Electronics
QA_DYN_0391683,Yoon Jiyoon,qa.dyn.inst.0391683.612465@yopmail.com,NAVER
QA_DYN_0391684,Lee Aram,qa.dyn.inst.0391684.836362@yopmail.com,POSCO Holdings
QA_DYN_0391685,Cho Doyun,qa.dyn.inst.0391685.291961@yopmail.com,LG Electronics
QA_DYN_0391686,Kang Haneul,qa.dyn.inst.0391686.170931@yopmail.com,NAVER
QA_DYN_0391687,Kim Seoyeon,qa.dyn.inst.0391687.209318@yopmail.com,POSCO Holdings
QA_DYN_0391688,Choi Jiho,qa.dyn.inst.0391688.602250@yopmail.com,LG Electronics
QA_DYN_0391689,Lim Eunseo,qa.dyn.inst.0391689.314133@yopmail.com,NAVER
QA_DYN_0391690,Han Sora,qa.dyn.inst.0391690.873547@yopmail.com,POSCO Holdings
QA_DYN_0391691,Park Minsoo,qa.dyn.inst.0391691.718154@yopmail.com,LG Electronics
QA_DYN_0391692,Jung Haneul,qa.dyn.inst.0391692.690499@yopmail.com,NAVER
QA_DYN_0391693,Yoon Seoyeon,qa.dyn.inst.0391693.158178@yopmail.com,POSCO Holdings
QA_DYN_0391694,Lee Jiho,qa.dyn.inst.0391694.622398@yopmail.com,LG Electronics
QA_DYN_0391695,Cho Eunseo,qa.dyn.inst.0391695.238568@yopmail.com,NAVER
QA_DYN_0391696,Kang Sora,qa.dyn.inst.0391696.750960@yopmail.com,POSCO Holdings
QA_DYN_0391697,Kim Hyunwoo,qa.dyn.inst.0391697.444745@yopmail.com,LG Electronics
QA_DYN_0391698,Choi Minsoo,qa.dyn.inst.0391698.192296@yopmail.com,NAVER
QA_DYN_0391699,Lim Jiyoon,qa.dyn.inst.0391699.743316@yopmail.com,POSCO Holdings
QA_DYN_0391700,Han Doyun,qa.dyn.inst.0391700.854233@yopmail.com,LG Electronics
QA_DYN_0391701,Park Aram,qa.dyn.inst.0391701.602014@yopmail.com,NAVER
QA_DYN_0391702,Jung Jiho,qa.dyn.inst.0391702.699982@yopmail.com,POSCO Holdings
QA_DYN_0391703,Yoon Eunseo,qa.dyn.inst.0391703.808138@yopmail.com,LG Electronics
QA_DYN_0391704,Lee Sora,qa.dyn.inst.0391704.170310@yopmail.com,NAVER
QA_DYN_0391705,Cho Hyunwoo,qa.dyn.inst.0391705.475542@yopmail.com,POSCO Holdings
QA_DYN_0391706,Kang Minsoo,qa.dyn.inst.0391706.380356@yopmail.com,LG Electronics
QA_DYN_0391707,Kim Haneul,qa.dyn.inst.0391707.291874@yopmail.com,NAVER
QA_DYN_0391708,Choi Seoyeon,qa.dyn.inst.0391708.907327@yopmail.com,POSCO Holdings
QA_DYN_0391709,Lim Doyun,qa.dyn.inst.0391709.810238@yopmail.com,LG Electronics
QA_DYN_0391710,Han Aram,qa.dyn.inst.0391710.916484@yopmail.com,NAVER
QA_DYN_0391711,Park Hyunwoo,qa.dyn.inst.0391711.506000@yopmail.com,POSCO Holdings
QA_DYN_0391712,Jung Minsoo,qa.dyn.inst.0391712.313155@yopmail.com,LG Electronics
QA_DYN_0391713,Yoon Jiyoon,qa.dyn.inst.0391713.180962@yopmail.com,NAVER
QA_DYN_0391714,Lee Aram,qa.dyn.inst.0391714.771504@yopmail.com,POSCO Holdings
QA_DYN_0391715,Cho Doyun,qa.dyn.inst.0391715.801415@yopmail.com,LG Electronics
QA_DYN_0391716,Kang Haneul,qa.dyn.inst.0391716.397099@yopmail.com,NAVER
QA_DYN_0391717,Kim Seoyeon,qa.dyn.inst.0391717.973927@yopmail.com,POSCO Holdings
QA_DYN_0391718,Choi Jiho,qa.dyn.inst.0391718.769887@yopmail.com,LG Electronics
QA_DYN_0391719,Lim Eunseo,qa.dyn.inst.0391719.659443@yopmail.com,NAVER
QA_DYN_0391720,Han Sora,qa.dyn.inst.0391720.999357@yopmail.com,POSCO Holdings
QA_DYN_0391721,Park Minsoo,qa.dyn.inst.0391721.935707@yopmail.com,LG Electronics
QA_DYN_0391722,Jung Haneul,qa.dyn.inst.0391722.496887@yopmail.com,NAVER
QA_DYN_0391723,Yoon Seoyeon,qa.dyn.inst.0391723.931226@yopmail.com,POSCO Holdings
QA_DYN_0391724,Lee Jiho,qa.dyn.inst.0391724.362444@yopmail.com,LG Electronics
QA_DYN_0391725,Cho Eunseo,qa.dyn.inst.0391725.614262@yopmail.com,NAVER
QA_DYN_0391726,Kang Sora,qa.dyn.inst.0391726.165777@yopmail.com,POSCO Holdings
QA_DYN_0391727,Kim Hyunwoo,qa.dyn.inst.0391727.232332@yopmail.com,LG Electronics
QA_DYN_0391728,Choi Minsoo,qa.dyn.inst.0391728.813931@yopmail.com,NAVER
QA_DYN_0391729,Lim Jiyoon,qa.dyn.inst.0391729.755843@yopmail.com,POSCO Holdings
QA_DYN_0391730,Han Doyun,qa.dyn.inst.0391730.300533@yopmail.com,LG Electronics
QA_DYN_0391731,Park Aram,qa.dyn.inst.0391731.610048@yopmail.com,NAVER
QA_DYN_0391732,Jung Jiho,qa.dyn.inst.0391732.668004@yopmail.com,POSCO Holdings
QA_DYN_0391733,Yoon Eunseo,qa.dyn.inst.0391733.500576@yopmail.com,LG Electronics
QA_DYN_0391734,Lee Sora,qa.dyn.inst.0391734.701587@yopmail.com,NAVER
QA_DYN_0391735,Cho Hyunwoo,qa.dyn.inst.0391735.234839@yopmail.com,POSCO Holdings
QA_DYN_0391736,Kang Minsoo,qa.dyn.inst.0391736.891890@yopmail.com,LG Electronics
QA_DYN_0391737,Kim Haneul,qa.dyn.inst.0391737.925893@yopmail.com,NAVER
QA_DYN_0391738,Choi Seoyeon,qa.dyn.inst.0391738.442141@yopmail.com,POSCO Holdings
QA_DYN_0391739,Lim Doyun,qa.dyn.inst.0391739.191071@yopmail.com,LG Electronics
QA_DYN_0391740,Han Aram,qa.dyn.inst.0391740.809528@yopmail.com,NAVER
QA_DYN_0391741,Park Hyunwoo,qa.dyn.inst.0391741.588138@yopmail.com,POSCO Holdings
QA_DYN_0391742,Jung Minsoo,qa.dyn.inst.0391742.617656@yopmail.com,LG Electronics
QA_DYN_0391743,Yoon Jiyoon,qa.dyn.inst.0391743.912080@yopmail.com,NAVER
QA_DYN_0391744,Lee Aram,qa.dyn.inst.0391744.392429@yopmail.com,POSCO Holdings
QA_DYN_0391745,Cho Doyun,qa.dyn.inst.0391745.605722@yopmail.com,LG Electronics
QA_DYN_0391746,Kang Haneul,qa.dyn.inst.0391746.477705@yopmail.com,NAVER
QA_DYN_0391747,Kim Seoyeon,qa.dyn.inst.0391747.452589@yopmail.com,POSCO Holdings
QA_DYN_0391748,Choi Jiho,qa.dyn.inst.0391748.872432@yopmail.com,LG Electronics
QA_DYN_0391749,Lim Eunseo,qa.dyn.inst.0391749.808507@yopmail.com,NAVER
QA_DYN_0391750,Han Sora,qa.dyn.inst.0391750.633262@yopmail.com,POSCO Holdings
QA_DYN_0391751,Park Minsoo,qa.dyn.inst.0391751.378618@yopmail.com,LG Electronics
QA_DYN_0391752,Jung Haneul,qa.dyn.inst.0391752.306359@yopmail.com,NAVER
QA_DYN_0391753,Yoon Seoyeon,qa.dyn.inst.0391753.779139@yopmail.com,POSCO Holdings
QA_DYN_0391754,Lee Jiho,qa.dyn.inst.0391754.669137@yopmail.com,LG Electronics
QA_DYN_0391755,Cho Eunseo,qa.dyn.inst.0391755.953712@yopmail.com,NAVER
QA_DYN_0391756,Kang Sora,qa.dyn.inst.0391756.770062@yopmail.com,POSCO Holdings
QA_DYN_0391757,Kim Hyunwoo,qa.dyn.inst.0391757.766014@yopmail.com,LG Electronics
QA_DYN_0391758,Choi Minsoo,qa.dyn.inst.0391758.354693@yopmail.com,NAVER
QA_DYN_0391759,Lim Jiyoon,qa.dyn.inst.0391759.577415@yopmail.com,POSCO Holdings
QA_DYN_0391760,Han Doyun,qa.dyn.inst.0391760.164671@yopmail.com,LG Electronics
QA_DYN_0391761,Park Aram,qa.dyn.inst.0391761.310797@yopmail.com,NAVER
QA_DYN_0391762,Jung Jiho,qa.dyn.inst.0391762.524794@yopmail.com,POSCO Holdings
QA_DYN_0391763,Yoon Eunseo,qa.dyn.inst.0391763.672031@yopmail.com,LG Electronics
QA_DYN_0391764,Lee Sora,qa.dyn.inst.0391764.186427@yopmail.com,NAVER
QA_DYN_0391765,Cho Hyunwoo,qa.dyn.inst.0391765.126560@yopmail.com,POSCO Holdings
QA_DYN_0391766,Kang Minsoo,qa.dyn.inst.0391766.834023@yopmail.com,LG Electronics
QA_DYN_0391767,Kim Haneul,qa.dyn.inst.0391767.903284@yopmail.com,NAVER
QA_DYN_0391768,Choi Seoyeon,qa.dyn.inst.0391768.376089@yopmail.com,POSCO Holdings
QA_DYN_0391769,Lim Doyun,qa.dyn.inst.0391769.947541@yopmail.com,LG Electronics
QA_DYN_0391770,Han Aram,qa.dyn.inst.0391770.786924@yopmail.com,NAVER
QA_DYN_0391771,Park Hyunwoo,qa.dyn.inst.0391771.730846@yopmail.com,POSCO Holdings
QA_DYN_0391772,Jung Minsoo,qa.dyn.inst.0391772.175019@yopmail.com,LG Electronics
QA_DYN_0391773,Yoon Jiyoon,qa.dyn.inst.0391773.110693@yopmail.com,NAVER
QA_DYN_0391774,Lee Aram,qa.dyn.inst.0391774.648296@yopmail.com,POSCO Holdings
QA_DYN_0391775,Cho Doyun,qa.dyn.inst.0391775.677321@yopmail.com,LG Electronics
QA_DYN_0391776,Kang Haneul,qa.dyn.inst.0391776.639764@yopmail.com,NAVER
QA_DYN_0391777,Kim Seoyeon,qa.dyn.inst.0391777.764254@yopmail.com,POSCO Holdings
QA_DYN_0391778,Choi Jiho,qa.dyn.inst.0391778.761090@yopmail.com,LG Electronics
QA_DYN_0391779,Lim Eunseo,qa.dyn.inst.0391779.293002@yopmail.com,NAVER
QA_DYN_0391780,Han Sora,qa.dyn.inst.0391780.959186@yopmail.com,POSCO Holdings
QA_DYN_0391781,Park Minsoo,qa.dyn.inst.0391781.908432@yopmail.com,LG Electronics
QA_DYN_0391782,Jung Haneul,qa.dyn.inst.0391782.632916@yopmail.com,NAVER
QA_DYN_0391783,Yoon Seoyeon,qa.dyn.inst.0391783.409128@yopmail.com,POSCO Holdings
QA_DYN_0391784,Lee Jiho,qa.dyn.inst.0391784.890960@yopmail.com,LG Electronics
QA_DYN_0391785,Cho Eunseo,qa.dyn.inst.0391785.447390@yopmail.com,NAVER
QA_DYN_0391786,Kang Sora,qa.dyn.inst.0391786.456257@yopmail.com,POSCO Holdings
QA_DYN_0391787,Kim Hyunwoo,qa.dyn.inst.0391787.648598@yopmail.com,LG Electronics
QA_DYN_0391788,Choi Minsoo,qa.dyn.inst.0391788.327042@yopmail.com,NAVER
QA_DYN_0391789,Lim Jiyoon,qa.dyn.inst.0391789.175297@yopmail.com,POSCO Holdings
QA_DYN_0391790,Han Doyun,qa.dyn.inst.0391790.796272@yopmail.com,LG Electronics
QA_DYN_0391791,Park Aram,qa.dyn.inst.0391791.192167@yopmail.com,NAVER
QA_DYN_0391792,Jung Jiho,qa.dyn.inst.0391792.739385@yopmail.com,POSCO Holdings
QA_DYN_0391793,Yoon Eunseo,qa.dyn.inst.0391793.148927@yopmail.com,LG Electronics
QA_DYN_0391794,Lee Sora,qa.dyn.inst.0391794.725882@yopmail.com,NAVER
QA_DYN_0391795,Cho Hyunwoo,qa.dyn.inst.0391795.686971@yopmail.com,POSCO Holdings
QA_DYN_0391796,Kang Minsoo,qa.dyn.inst.0391796.341004@yopmail.com,LG Electronics
QA_DYN_0391797,Kim Haneul,qa.dyn.inst.0391797.900244@yopmail.com,NAVER
QA_DYN_0391798,Choi Seoyeon,qa.dyn.inst.0391798.739472@yopmail.com,POSCO Holdings
QA_DYN_0391799,Lim Doyun,qa.dyn.inst.0391799.770294@yopmail.com,LG Electronics
QA_DYN_0391800,Han Aram,qa.dyn.inst.0391800.938600@yopmail.com,NAVER
QA_DYN_0391801,Park Hyunwoo,qa.dyn.inst.0391801.553805@yopmail.com,POSCO Holdings
QA_DYN_0391802,Jung Minsoo,qa.dyn.inst.0391802.513941@yopmail.com,LG Electronics
QA_DYN_0391803,Yoon Jiyoon,qa.dyn.inst.0391803.481232@yopmail.com,NAVER
QA_DYN_0391804,Lee Aram,qa.dyn.inst.0391804.399183@yopmail.com,POSCO Holdings
QA_DYN_0391805,Cho Doyun,qa.dyn.inst.0391805.601512@yopmail.com,LG Electronics
QA_DYN_0391806,Kang Haneul,qa.dyn.inst.0391806.389743@yopmail.com,NAVER
QA_DYN_0391807,Kim Seoyeon,qa.dyn.inst.0391807.592625@yopmail.com,POSCO Holdings
QA_DYN_0391808,Choi Jiho,qa.dyn.inst.0391808.363347@yopmail.com,LG Electronics
QA_DYN_0391809,Lim Eunseo,qa.dyn.inst.0391809.765244@yopmail.com,NAVER
QA_DYN_0391810,Han Sora,qa.dyn.inst.0391810.336429@yopmail.com,POSCO Holdings
QA_DYN_0391811,Park Minsoo,qa.dyn.inst.0391811.717090@yopmail.com,LG Electronics
QA_DYN_0391812,Jung Haneul,qa.dyn.inst.0391812.888035@yopmail.com,NAVER
QA_DYN_0391813,Yoon Seoyeon,qa.dyn.inst.0391813.785350@yopmail.com,POSCO Holdings
QA_DYN_0391814,Lee Jiho,qa.dyn.inst.0391814.749195@yopmail.com,LG Electronics
QA_DYN_0391815,Cho Eunseo,qa.dyn.inst.0391815.674106@yopmail.com,NAVER
QA_DYN_0391816,Kang Sora,qa.dyn.inst.0391816.384018@yopmail.com,POSCO Holdings
QA_DYN_0391817,Kim Hyunwoo,qa.dyn.inst.0391817.967263@yopmail.com,LG Electronics
QA_DYN_0391818,Choi Minsoo,qa.dyn.inst.0391818.965598@yopmail.com,NAVER
QA_DYN_0391819,Lim Jiyoon,qa.dyn.inst.0391819.660391@yopmail.com,POSCO Holdings
QA_DYN_0391820,Han Doyun,qa.dyn.inst.0391820.422881@yopmail.com,LG Electronics
QA_DYN_0391821,Park Aram,qa.dyn.inst.0391821.742395@yopmail.com,NAVER
QA_DYN_0391822,Jung Jiho,qa.dyn.inst.0391822.913436@yopmail.com,POSCO Holdings
QA_DYN_0391823,Yoon Eunseo,qa.dyn.inst.0391823.796393@yopmail.com,LG Electronics
QA_DYN_0391824,Lee Sora,qa.dyn.inst.0391824.928380@yopmail.com,NAVER
QA_DYN_0391825,Cho Hyunwoo,qa.dyn.inst.0391825.304580@yopmail.com,POSCO Holdings
QA_DYN_0391826,Kang Minsoo,qa.dyn.inst.0391826.430461@yopmail.com,LG Electronics
QA_DYN_0391827,Kim Haneul,qa.dyn.inst.0391827.974890@yopmail.com,NAVER
QA_DYN_0391828,Choi Seoyeon,qa.dyn.inst.0391828.322452@yopmail.com,POSCO Holdings
QA_DYN_0391829,Lim Doyun,qa.dyn.inst.0391829.799196@yopmail.com,LG Electronics
QA_DYN_0391830,Han Aram,qa.dyn.inst.0391830.467432@yopmail.com,NAVER
QA_DYN_0391831,Park Hyunwoo,qa.dyn.inst.0391831.525421@yopmail.com,POSCO Holdings
QA_DYN_0391832,Jung Minsoo,qa.dyn.inst.0391832.329995@yopmail.com,LG Electronics
QA_DYN_0391833,Yoon Jiyoon,qa.dyn.inst.0391833.225142@yopmail.com,NAVER
QA_DYN_0391834,Lee Aram,qa.dyn.inst.0391834.592081@yopmail.com,POSCO Holdings
QA_DYN_0391835,Cho Doyun,qa.dyn.inst.0391835.933228@yopmail.com,LG Electronics
QA_DYN_0391836,Kang Haneul,qa.dyn.inst.0391836.352671@yopmail.com,NAVER
QA_DYN_0391837,Kim Seoyeon,qa.dyn.inst.0391837.615277@yopmail.com,POSCO Holdings
QA_DYN_0391838,Choi Jiho,qa.dyn.inst.0391838.852735@yopmail.com,LG Electronics
QA_DYN_0391839,Lim Eunseo,qa.dyn.inst.0391839.519255@yopmail.com,NAVER
QA_DYN_0391840,Han Sora,qa.dyn.inst.0391840.593261@yopmail.com,POSCO Holdings
QA_DYN_0391841,Park Minsoo,qa.dyn.inst.0391841.265906@yopmail.com,LG Electronics
QA_DYN_0391842,Jung Haneul,qa.dyn.inst.0391842.421452@yopmail.com,NAVER
QA_DYN_0391843,Yoon Seoyeon,qa.dyn.inst.0391843.364597@yopmail.com,POSCO Holdings
QA_DYN_0391844,Lee Jiho,qa.dyn.inst.0391844.340481@yopmail.com,LG Electronics
QA_DYN_0391845,Cho Eunseo,qa.dyn.inst.0391845.992366@yopmail.com,NAVER
QA_DYN_0391846,Kang Sora,qa.dyn.inst.0391846.653409@yopmail.com,POSCO Holdings
QA_DYN_0391847,Kim Hyunwoo,qa.dyn.inst.0391847.382605@yopmail.com,LG Electronics
QA_DYN_0391848,Choi Minsoo,qa.dyn.inst.0391848.111235@yopmail.com,NAVER
QA_DYN_0391849,Lim Jiyoon,qa.dyn.inst.0391849.849400@yopmail.com,POSCO Holdings
QA_DYN_0391850,Han Doyun,qa.dyn.inst.0391850.259821@yopmail.com,LG Electronics
QA_DYN_0391851,Park Aram,qa.dyn.inst.0391851.526025@yopmail.com,NAVER
QA_DYN_0391852,Jung Jiho,qa.dyn.inst.0391852.193524@yopmail.com,POSCO Holdings
QA_DYN_0391853,Yoon Eunseo,qa.dyn.inst.0391853.745232@yopmail.com,LG Electronics
QA_DYN_0391854,Lee Sora,qa.dyn.inst.0391854.222670@yopmail.com,NAVER
QA_DYN_0391855,Cho Hyunwoo,qa.dyn.inst.0391855.509533@yopmail.com,POSCO Holdings
QA_DYN_0391856,Kang Minsoo,qa.dyn.inst.0391856.446968@yopmail.com,LG Electronics
QA_DYN_0391857,Kim Haneul,qa.dyn.inst.0391857.709600@yopmail.com,NAVER
QA_DYN_0391858,Choi Seoyeon,qa.dyn.inst.0391858.349374@yopmail.com,POSCO Holdings
QA_DYN_0391859,Lim Doyun,qa.dyn.inst.0391859.745759@yopmail.com,LG Electronics
QA_DYN_0391860,Han Aram,qa.dyn.inst.0391860.932187@yopmail.com,NAVER
QA_DYN_0391861,Park Hyunwoo,qa.dyn.inst.0391861.912326@yopmail.com,POSCO Holdings
QA_DYN_0391862,Jung Minsoo,qa.dyn.inst.0391862.291337@yopmail.com,LG Electronics
QA_DYN_0391863,Yoon Jiyoon,qa.dyn.inst.0391863.389601@yopmail.com,NAVER
QA_DYN_0391864,Lee Aram,qa.dyn.inst.0391864.169224@yopmail.com,POSCO Holdings
QA_DYN_0391865,Cho Doyun,qa.dyn.inst.0391865.837346@yopmail.com,LG Electronics
QA_DYN_0391866,Kang Haneul,qa.dyn.inst.0391866.879246@yopmail.com,NAVER
QA_DYN_0391867,Kim Seoyeon,qa.dyn.inst.0391867.194702@yopmail.com,POSCO Holdings
QA_DYN_0391868,Choi Jiho,qa.dyn.inst.0391868.467118@yopmail.com,LG Electronics
QA_DYN_0391869,Lim Eunseo,qa.dyn.inst.0391869.245754@yopmail.com,NAVER
QA_DYN_0391870,Han Sora,qa.dyn.inst.0391870.510833@yopmail.com,POSCO Holdings
QA_DYN_0391871,Park Minsoo,qa.dyn.inst.0391871.816866@yopmail.com,LG Electronics
QA_DYN_0391872,Jung Haneul,qa.dyn.inst.0391872.184240@yopmail.com,NAVER
QA_DYN_0391873,Yoon Seoyeon,qa.dyn.inst.0391873.804663@yopmail.com,POSCO Holdings
QA_DYN_0391874,Lee Jiho,qa.dyn.inst.0391874.332792@yopmail.com,LG Electronics
QA_DYN_0391875,Cho Eunseo,qa.dyn.inst.0391875.259585@yopmail.com,NAVER
QA_DYN_0391876,Kang Sora,qa.dyn.inst.0391876.716303@yopmail.com,POSCO Holdings
QA_DYN_0391877,Kim Hyunwoo,qa.dyn.inst.0391877.702937@yopmail.com,LG Electronics
QA_DYN_0391878,Choi Minsoo,qa.dyn.inst.0391878.527583@yopmail.com,NAVER
QA_DYN_0391879,Lim Jiyoon,qa.dyn.inst.0391879.511575@yopmail.com,POSCO Holdings
QA_DYN_0391880,Han Doyun,qa.dyn.inst.0391880.901333@yopmail.com,LG Electronics
QA_DYN_0391881,Park Aram,qa.dyn.inst.0391881.764188@yopmail.com,NAVER
QA_DYN_0391882,Jung Jiho,qa.dyn.inst.0391882.560350@yopmail.com,POSCO Holdings
QA_DYN_0391883,Yoon Eunseo,qa.dyn.inst.0391883.186059@yopmail.com,LG Electronics
QA_DYN_0391884,Lee Sora,qa.dyn.inst.0391884.462333@yopmail.com,NAVER
QA_DYN_0391885,Cho Hyunwoo,qa.dyn.inst.0391885.226281@yopmail.com,POSCO Holdings
QA_DYN_0391886,Kang Minsoo,qa.dyn.inst.0391886.311624@yopmail.com,LG Electronics
QA_DYN_0391887,Kim Haneul,qa.dyn.inst.0391887.769327@yopmail.com,NAVER
QA_DYN_0391888,Choi Seoyeon,qa.dyn.inst.0391888.517997@yopmail.com,POSCO Holdings
QA_DYN_0391889,Lim Doyun,qa.dyn.inst.0391889.678251@yopmail.com,LG Electronics
QA_DYN_0391890,Han Aram,qa.dyn.inst.0391890.171824@yopmail.com,NAVER
QA_DYN_0391891,Park Hyunwoo,qa.dyn.inst.0391891.294391@yopmail.com,POSCO Holdings
QA_DYN_0391892,Jung Minsoo,qa.dyn.inst.0391892.410759@yopmail.com,LG Electronics
QA_DYN_0391893,Yoon Jiyoon,qa.dyn.inst.0391893.678286@yopmail.com,NAVER
QA_DYN_0391894,Lee Aram,qa.dyn.inst.0391894.624257@yopmail.com,POSCO Holdings
QA_DYN_0391895,Cho Doyun,qa.dyn.inst.0391895.428118@yopmail.com,LG Electronics
QA_DYN_0391896,Kang Haneul,qa.dyn.inst.0391896.612324@yopmail.com,NAVER
QA_DYN_0391897,Kim Seoyeon,qa.dyn.inst.0391897.378786@yopmail.com,POSCO Holdings
QA_DYN_0391898,Choi Jiho,qa.dyn.inst.0391898.239528@yopmail.com,LG Electronics
QA_DYN_0391899,Lim Eunseo,qa.dyn.inst.0391899.138143@yopmail.com,NAVER
QA_DYN_0391900,Han Sora,qa.dyn.inst.0391900.894098@yopmail.com,POSCO Holdings
QA_DYN_0391901,Park Minsoo,qa.dyn.inst.0391901.348326@yopmail.com,LG Electronics
QA_DYN_0391902,Jung Haneul,qa.dyn.inst.0391902.143756@yopmail.com,NAVER
QA_DYN_0391903,Yoon Seoyeon,qa.dyn.inst.0391903.488485@yopmail.com,POSCO Holdings
QA_DYN_0391904,Lee Jiho,qa.dyn.inst.0391904.453571@yopmail.com,LG Electronics
QA_DYN_0391905,Cho Eunseo,qa.dyn.inst.0391905.524033@yopmail.com,NAVER
QA_DYN_0391906,Kang Sora,qa.dyn.inst.0391906.468030@yopmail.com,POSCO Holdings
QA_DYN_0391907,Kim Hyunwoo,qa.dyn.inst.0391907.551358@yopmail.com,LG Electronics
QA_DYN_0391908,Choi Minsoo,qa.dyn.inst.0391908.742442@yopmail.com,NAVER
QA_DYN_0391909,Lim Jiyoon,qa.dyn.inst.0391909.653167@yopmail.com,POSCO Holdings
QA_DYN_0391910,Han Doyun,qa.dyn.inst.0391910.529888@yopmail.com,LG Electronics
QA_DYN_0391911,Park Aram,qa.dyn.inst.0391911.530940@yopmail.com,NAVER
QA_DYN_0391912,Jung Jiho,qa.dyn.inst.0391912.348702@yopmail.com,POSCO Holdings
QA_DYN_0391913,Yoon Eunseo,qa.dyn.inst.0391913.802147@yopmail.com,LG Electronics
QA_DYN_0391914,Lee Sora,qa.dyn.inst.0391914.777294@yopmail.com,NAVER
QA_DYN_0391915,Cho Hyunwoo,qa.dyn.inst.0391915.216668@yopmail.com,POSCO Holdings
QA_DYN_0391916,Kang Minsoo,qa.dyn.inst.0391916.368519@yopmail.com,LG Electronics
QA_DYN_0391917,Kim Haneul,qa.dyn.inst.0391917.759629@yopmail.com,NAVER
QA_DYN_0391918,Choi Seoyeon,qa.dyn.inst.0391918.192466@yopmail.com,POSCO Holdings
QA_DYN_0391919,Lim Doyun,qa.dyn.inst.0391919.926243@yopmail.com,LG Electronics
QA_DYN_0391920,Han Aram,qa.dyn.inst.0391920.459040@yopmail.com,NAVER
QA_DYN_0391921,Park Hyunwoo,qa.dyn.inst.0391921.622172@yopmail.com,POSCO Holdings
QA_DYN_0391922,Jung Minsoo,qa.dyn.inst.0391922.118483@yopmail.com,LG Electronics
QA_DYN_0391923,Yoon Jiyoon,qa.dyn.inst.0391923.728246@yopmail.com,NAVER
QA_DYN_0391924,Lee Aram,qa.dyn.inst.0391924.732194@yopmail.com,POSCO Holdings
QA_DYN_0391925,Cho Doyun,qa.dyn.inst.0391925.469148@yopmail.com,LG Electronics
QA_DYN_0391926,Kang Haneul,qa.dyn.inst.0391926.386773@yopmail.com,NAVER
QA_DYN_0391927,Kim Seoyeon,qa.dyn.inst.0391927.472386@yopmail.com,POSCO Holdings
QA_DYN_0391928,Choi Jiho,qa.dyn.inst.0391928.235778@yopmail.com,LG Electronics
QA_DYN_0391929,Lim Eunseo,qa.dyn.inst.0391929.171478@yopmail.com,NAVER
QA_DYN_0391930,Han Sora,qa.dyn.inst.0391930.209418@yopmail.com,POSCO Holdings
QA_DYN_0391931,Park Minsoo,qa.dyn.inst.0391931.432567@yopmail.com,LG Electronics
QA_DYN_0391932,Jung Haneul,qa.dyn.inst.0391932.399098@yopmail.com,NAVER
QA_DYN_0391933,Yoon Seoyeon,qa.dyn.inst.0391933.912353@yopmail.com,POSCO Holdings
QA_DYN_0391934,Lee Jiho,qa.dyn.inst.0391934.367869@yopmail.com,LG Electronics
QA_DYN_0391935,Cho Eunseo,qa.dyn.inst.0391935.197377@yopmail.com,NAVER
QA_DYN_0391936,Kang Sora,qa.dyn.inst.0391936.643367@yopmail.com,POSCO Holdings
QA_DYN_0391937,Kim Hyunwoo,qa.dyn.inst.0391937.487979@yopmail.com,LG Electronics
QA_DYN_0391938,Choi Minsoo,qa.dyn.inst.0391938.267229@yopmail.com,NAVER
QA_DYN_0391939,Lim Jiyoon,qa.dyn.inst.0391939.840823@yopmail.com,POSCO Holdings
QA_DYN_0391940,Han Doyun,qa.dyn.inst.0391940.116881@yopmail.com,LG Electronics
QA_DYN_0391941,Park Aram,qa.dyn.inst.0391941.608766@yopmail.com,NAVER
QA_DYN_0391942,Jung Jiho,qa.dyn.inst.0391942.112911@yopmail.com,POSCO Holdings
QA_DYN_0391943,Yoon Eunseo,qa.dyn.inst.0391943.959458@yopmail.com,LG Electronics
QA_DYN_0391944,Lee Sora,qa.dyn.inst.0391944.830132@yopmail.com,NAVER
QA_DYN_0391945,Cho Hyunwoo,qa.dyn.inst.0391945.180826@yopmail.com,POSCO Holdings
QA_DYN_0391946,Kang Minsoo,qa.dyn.inst.0391946.969764@yopmail.com,LG Electronics
QA_DYN_0391947,Kim Haneul,qa.dyn.inst.0391947.762999@yopmail.com,NAVER
QA_DYN_0391948,Choi Seoyeon,qa.dyn.inst.0391948.910300@yopmail.com,POSCO Holdings
QA_DYN_0391949,Lim Doyun,qa.dyn.inst.0391949.937078@yopmail.com,LG Electronics
QA_DYN_0391950,Han Aram,qa.dyn.inst.0391950.226480@yopmail.com,NAVER
QA_DYN_0391951,Park Hyunwoo,qa.dyn.inst.0391951.336556@yopmail.com,POSCO Holdings
QA_DYN_0391952,Jung Minsoo,qa.dyn.inst.0391952.191089@yopmail.com,LG Electronics
QA_DYN_0391953,Yoon Jiyoon,qa.dyn.inst.0391953.114220@yopmail.com,NAVER
QA_DYN_0391954,Lee Aram,qa.dyn.inst.0391954.338962@yopmail.com,POSCO Holdings
QA_DYN_0391955,Cho Doyun,qa.dyn.inst.0391955.273402@yopmail.com,LG Electronics
QA_DYN_0391956,Kang Haneul,qa.dyn.inst.0391956.275887@yopmail.com,NAVER
QA_DYN_0391957,Kim Seoyeon,qa.dyn.inst.0391957.511002@yopmail.com,POSCO Holdings
QA_DYN_0391958,Choi Jiho,qa.dyn.inst.0391958.455308@yopmail.com,LG Electronics
QA_DYN_0391959,Lim Eunseo,qa.dyn.inst.0391959.742621@yopmail.com,NAVER
QA_DYN_0391960,Han Sora,qa.dyn.inst.0391960.732755@yopmail.com,POSCO Holdings
QA_DYN_0391961,Park Minsoo,qa.dyn.inst.0391961.720435@yopmail.com,LG Electronics
QA_DYN_0391962,Jung Haneul,qa.dyn.inst.0391962.995101@yopmail.com,NAVER
QA_DYN_0391963,Yoon Seoyeon,qa.dyn.inst.0391963.358831@yopmail.com,POSCO Holdings
QA_DYN_0391964,Lee Jiho,qa.dyn.inst.0391964.826538@yopmail.com,LG Electronics
QA_DYN_0391965,Cho Eunseo,qa.dyn.inst.0391965.145731@yopmail.com,NAVER
QA_DYN_0391966,Kang Sora,qa.dyn.inst.0391966.717015@yopmail.com,POSCO Holdings
QA_DYN_0391967,Kim Hyunwoo,qa.dyn.inst.0391967.620288@yopmail.com,LG Electronics
QA_DYN_0391968,Choi Minsoo,qa.dyn.inst.0391968.770168@yopmail.com,NAVER
QA_DYN_0391969,Lim Jiyoon,qa.dyn.inst.0391969.514279@yopmail.com,POSCO Holdings
QA_DYN_0391970,Han Doyun,qa.dyn.inst.0391970.723320@yopmail.com,LG Electronics
QA_DYN_0391971,Park Aram,qa.dyn.inst.0391971.324010@yopmail.com,NAVER
QA_DYN_0391972,Jung Jiho,qa.dyn.inst.0391972.137800@yopmail.com,POSCO Holdings
QA_DYN_0391973,Yoon Eunseo,qa.dyn.inst.0391973.626084@yopmail.com,LG Electronics
QA_DYN_0391974,Lee Sora,qa.dyn.inst.0391974.615188@yopmail.com,NAVER
QA_DYN_0391975,Cho Hyunwoo,qa.dyn.inst.0391975.472581@yopmail.com,POSCO Holdings
QA_DYN_0391976,Kang Minsoo,qa.dyn.inst.0391976.786080@yopmail.com,LG Electronics
QA_DYN_0391977,Kim Haneul,qa.dyn.inst.0391977.668831@yopmail.com,NAVER
QA_DYN_0391978,Choi Seoyeon,qa.dyn.inst.0391978.476021@yopmail.com,POSCO Holdings
QA_DYN_0391979,Lim Doyun,qa.dyn.inst.0391979.468195@yopmail.com,LG Electronics
QA_DYN_0391980,Han Aram,qa.dyn.inst.0391980.228633@yopmail.com,NAVER
QA_DYN_0391981,Park Hyunwoo,qa.dyn.inst.0391981.590996@yopmail.com,POSCO Holdings
QA_DYN_0391982,Jung Minsoo,qa.dyn.inst.0391982.802065@yopmail.com,LG Electronics
QA_DYN_0391983,Yoon Jiyoon,qa.dyn.inst.0391983.624322@yopmail.com,NAVER
QA_DYN_0391984,Lee Aram,qa.dyn.inst.0391984.247721@yopmail.com,POSCO Holdings
QA_DYN_0391985,Cho Doyun,qa.dyn.inst.0391985.775139@yopmail.com,LG Electronics
QA_DYN_0391986,Kang Haneul,qa.dyn.inst.0391986.106107@yopmail.com,NAVER
QA_DYN_0391987,Kim Seoyeon,qa.dyn.inst.0391987.822591@yopmail.com,POSCO Holdings
QA_DYN_0391988,Choi Jiho,qa.dyn.inst.0391988.333820@yopmail.com,LG Electronics
QA_DYN_0391989,Lim Eunseo,qa.dyn.inst.0391989.888282@yopmail.com,NAVER
QA_DYN_0391990,Han Sora,qa.dyn.inst.0391990.461544@yopmail.com,POSCO Holdings
QA_DYN_0391991,Park Minsoo,qa.dyn.inst.0391991.835336@yopmail.com,LG Electronics
QA_DYN_0391992,Jung Haneul,qa.dyn.inst.0391992.334429@yopmail.com,NAVER
QA_DYN_0391993,Yoon Seoyeon,qa.dyn.inst.0391993.907682@yopmail.com,POSCO Holdings
QA_DYN_0391994,Lee Jiho,qa.dyn.inst.0391994.129837@yopmail.com,LG Electronics
QA_DYN_0391995,Cho Eunseo,qa.dyn.inst.0391995.250981@yopmail.com,NAVER
QA_DYN_0391996,Kang Sora,qa.dyn.inst.0391996.902611@yopmail.com,POSCO Holdings
QA_DYN_0391997,Kim Hyunwoo,qa.dyn.inst.0391997.397642@yopmail.com,LG Electronics
QA_DYN_0391998,Choi Minsoo,qa.dyn.inst.0391998.522654@yopmail.com,NAVER
QA_DYN_0391999,Lim Jiyoon,qa.dyn.inst.0391999.167615@yopmail.com,POSCO Holdings
QA_DYN_0392000,Han Doyun,qa.dyn.inst.0392000.257488@yopmail.com,LG Electronics
