lead:deal_name,contact:name,contact:email,company:name
QA_DYN_39001,Kim Minsoo,qa.dyn.inst.39001.104743@yopmail.com,삼성전자(주)
QA_DYN_39002,Lee Jiyoon,qa.dyn.inst.39002.855017@yopmail.com,LG전자(주)
QA_DYN_39003,Park Hyunwoo,qa.dyn.inst.39003.771297@yopmail.com,SK하이닉스(주)
QA_DYN_39004,Choi Aram,qa.dyn.inst.39004.308487@yopmail.com,현대자동차(주)
QA_DYN_39005,Jung Sora,qa.dyn.inst.39005.833952@yopmail.com,롯데케미칼(주)
QA_DYN_39006,Kim Minsoo,qa.dyn.inst.39006.357301@yopmail.com,삼성전자(주)
QA_DYN_39007,Wěi Wáng,qa.dyn.inst.39007.696330@yopmail.com,카카오(주)
QA_DYN_39008,Han Yerin,qa.dyn.inst.39008.985881@yopmail.com,네이버(주)
QA_DYN_39009,No Company User,qa.dyn.inst.39009.670733@yopmail.com,LG전자(주)
QA_DYN_39010,Lim Doyeon,qa.dyn.inst.39010.300441@yopmail.com,포스코홀딩스(주)
QA_DYN_39011,Kim Minsoo,qa.dyn.inst.39011.312869@yopmail.com,삼성전자(주)
QA_DYN_39012,Lee Jiyoon,qa.dyn.inst.39012.806715@yopmail.com,LG전자(주)
QA_DYN_39013,Park Hyunwoo,qa.dyn.inst.39013.707517@yopmail.com,SK하이닉스(주)
QA_DYN_39014,Choi Aram,qa.dyn.inst.39014.173775@yopmail.com,현대자동차(주)
QA_DYN_39015,Jung Sora,qa.dyn.inst.39015.206174@yopmail.com,롯데케미칼(주)
QA_DYN_39016,Kim Minsoo,qa.dyn.inst.39016.799030@yopmail.com,삼성전자(주)
QA_DYN_39017,Wěi Wáng,qa.dyn.inst.39017.501454@yopmail.com,카카오(주)
QA_DYN_39018,Han Yerin,qa.dyn.inst.39018.248878@yopmail.com,네이버(주)
QA_DYN_39019,No Company User,qa.dyn.inst.39019.826633@yopmail.com,LG전자(주)
QA_DYN_39020,Lim Doyeon,qa.dyn.inst.39020.765830@yopmail.com,포스코홀딩스(주)
QA_DYN_39021,Kim Minsoo,qa.dyn.inst.39021.321535@yopmail.com,삼성전자(주)
QA_DYN_39022,Lee Jiyoon,qa.dyn.inst.39022.650885@yopmail.com,LG전자(주)
QA_DYN_39023,Park Hyunwoo,qa.dyn.inst.39023.462224@yopmail.com,SK하이닉스(주)
QA_DYN_39024,Choi Aram,qa.dyn.inst.39024.632118@yopmail.com,현대자동차(주)
QA_DYN_39025,Jung Sora,qa.dyn.inst.39025.231518@yopmail.com,롯데케미칼(주)
QA_DYN_39026,Kim Minsoo,qa.dyn.inst.39026.542344@yopmail.com,삼성전자(주)
QA_DYN_39027,Wěi Wáng,qa.dyn.inst.39027.766100@yopmail.com,카카오(주)
QA_DYN_39028,Han Yerin,qa.dyn.inst.39028.552084@yopmail.com,네이버(주)
QA_DYN_39029,No Company User,qa.dyn.inst.39029.132304@yopmail.com,LG전자(주)
QA_DYN_39030,Lim Doyeon,qa.dyn.inst.39030.496319@yopmail.com,포스코홀딩스(주)
QA_DYN_39031,Kim Minsoo,qa.dyn.inst.39031.517904@yopmail.com,삼성전자(주)
QA_DYN_39032,Lee Jiyoon,qa.dyn.inst.39032.119154@yopmail.com,LG전자(주)
QA_DYN_39033,Park Hyunwoo,qa.dyn.inst.39033.541853@yopmail.com,SK하이닉스(주)
QA_DYN_39034,Choi Aram,qa.dyn.inst.39034.310181@yopmail.com,현대자동차(주)
QA_DYN_39035,Jung Sora,qa.dyn.inst.39035.119949@yopmail.com,롯데케미칼(주)
QA_DYN_39036,Kim Minsoo,qa.dyn.inst.39036.459218@yopmail.com,삼성전자(주)
QA_DYN_39037,Wěi Wáng,qa.dyn.inst.39037.923220@yopmail.com,카카오(주)
QA_DYN_39038,Han Yerin,qa.dyn.inst.39038.205424@yopmail.com,네이버(주)
QA_DYN_39039,No Company User,qa.dyn.inst.39039.956935@yopmail.com,LG전자(주)
QA_DYN_39040,Lim Doyeon,qa.dyn.inst.39040.399229@yopmail.com,포스코홀딩스(주)
QA_DYN_39041,Kim Minsoo,qa.dyn.inst.39041.560981@yopmail.com,삼성전자(주)
QA_DYN_39042,Lee Jiyoon,qa.dyn.inst.39042.790648@yopmail.com,LG전자(주)
QA_DYN_39043,Park Hyunwoo,qa.dyn.inst.39043.472653@yopmail.com,SK하이닉스(주)
QA_DYN_39044,Choi Aram,qa.dyn.inst.39044.655240@yopmail.com,현대자동차(주)
QA_DYN_39045,Jung Sora,qa.dyn.inst.39045.835754@yopmail.com,롯데케미칼(주)
QA_DYN_39046,Kim Minsoo,qa.dyn.inst.39046.168908@yopmail.com,삼성전자(주)
QA_DYN_39047,Wěi Wáng,qa.dyn.inst.39047.214613@yopmail.com,카카오(주)
QA_DYN_39048,Han Yerin,qa.dyn.inst.39048.598611@yopmail.com,네이버(주)
QA_DYN_39049,No Company User,qa.dyn.inst.39049.563567@yopmail.com,LG전자(주)
QA_DYN_39050,Lim Doyeon,qa.dyn.inst.39050.409656@yopmail.com,포스코홀딩스(주)
QA_DYN_39051,Kim Minsoo,qa.dyn.inst.39051.328675@yopmail.com,삼성전자(주)
QA_DYN_39052,Lee Jiyoon,qa.dyn.inst.39052.669661@yopmail.com,LG전자(주)
QA_DYN_39053,Park Hyunwoo,qa.dyn.inst.39053.709189@yopmail.com,SK하이닉스(주)
QA_DYN_39054,Choi Aram,qa.dyn.inst.39054.124077@yopmail.com,현대자동차(주)
QA_DYN_39055,Jung Sora,qa.dyn.inst.39055.666906@yopmail.com,롯데케미칼(주)
QA_DYN_39056,Kim Minsoo,qa.dyn.inst.39056.585166@yopmail.com,삼성전자(주)
QA_DYN_39057,Wěi Wáng,qa.dyn.inst.39057.834386@yopmail.com,카카오(주)
QA_DYN_39058,Han Yerin,qa.dyn.inst.39058.396669@yopmail.com,네이버(주)
QA_DYN_39059,No Company User,qa.dyn.inst.39059.507488@yopmail.com,LG전자(주)
QA_DYN_39060,Lim Doyeon,qa.dyn.inst.39060.797153@yopmail.com,포스코홀딩스(주)
QA_DYN_39061,Kim Minsoo,qa.dyn.inst.39061.106263@yopmail.com,삼성전자(주)
QA_DYN_39062,Lee Jiyoon,qa.dyn.inst.39062.327246@yopmail.com,LG전자(주)
QA_DYN_39063,Park Hyunwoo,qa.dyn.inst.39063.843298@yopmail.com,SK하이닉스(주)
QA_DYN_39064,Choi Aram,qa.dyn.inst.39064.626022@yopmail.com,현대자동차(주)
QA_DYN_39065,Jung Sora,qa.dyn.inst.39065.339980@yopmail.com,롯데케미칼(주)
QA_DYN_39066,Kim Minsoo,qa.dyn.inst.39066.948910@yopmail.com,삼성전자(주)
QA_DYN_39067,Wěi Wáng,qa.dyn.inst.39067.618145@yopmail.com,카카오(주)
QA_DYN_39068,Han Yerin,qa.dyn.inst.39068.552096@yopmail.com,네이버(주)
QA_DYN_39069,No Company User,qa.dyn.inst.39069.794081@yopmail.com,LG전자(주)
QA_DYN_39070,Lim Doyeon,qa.dyn.inst.39070.717682@yopmail.com,포스코홀딩스(주)
QA_DYN_39071,Kim Minsoo,qa.dyn.inst.39071.906969@yopmail.com,삼성전자(주)
QA_DYN_39072,Lee Jiyoon,qa.dyn.inst.39072.254364@yopmail.com,LG전자(주)
QA_DYN_39073,Park Hyunwoo,qa.dyn.inst.39073.328510@yopmail.com,SK하이닉스(주)
QA_DYN_39074,Choi Aram,qa.dyn.inst.39074.769356@yopmail.com,현대자동차(주)
QA_DYN_39075,Jung Sora,qa.dyn.inst.39075.472250@yopmail.com,롯데케미칼(주)
QA_DYN_39076,Kim Minsoo,qa.dyn.inst.39076.843009@yopmail.com,삼성전자(주)
QA_DYN_39077,Wěi Wáng,qa.dyn.inst.39077.515045@yopmail.com,카카오(주)
QA_DYN_39078,Han Yerin,qa.dyn.inst.39078.444768@yopmail.com,네이버(주)
QA_DYN_39079,No Company User,qa.dyn.inst.39079.246623@yopmail.com,LG전자(주)
QA_DYN_39080,Lim Doyeon,qa.dyn.inst.39080.307891@yopmail.com,포스코홀딩스(주)
QA_DYN_39081,Kim Minsoo,qa.dyn.inst.39081.243273@yopmail.com,삼성전자(주)
QA_DYN_39082,Lee Jiyoon,qa.dyn.inst.39082.802426@yopmail.com,LG전자(주)
QA_DYN_39083,Park Hyunwoo,qa.dyn.inst.39083.600454@yopmail.com,SK하이닉스(주)
QA_DYN_39084,Choi Aram,qa.dyn.inst.39084.692438@yopmail.com,현대자동차(주)
QA_DYN_39085,Jung Sora,qa.dyn.inst.39085.574781@yopmail.com,롯데케미칼(주)
QA_DYN_39086,Kim Minsoo,qa.dyn.inst.39086.215335@yopmail.com,삼성전자(주)
QA_DYN_39087,Wěi Wáng,qa.dyn.inst.39087.334286@yopmail.com,카카오(주)
QA_DYN_39088,Han Yerin,qa.dyn.inst.39088.194798@yopmail.com,네이버(주)
QA_DYN_39089,No Company User,qa.dyn.inst.39089.863963@yopmail.com,LG전자(주)
QA_DYN_39090,Lim Doyeon,qa.dyn.inst.39090.374497@yopmail.com,포스코홀딩스(주)
QA_DYN_39091,Kim Minsoo,qa.dyn.inst.39091.904537@yopmail.com,삼성전자(주)
QA_DYN_39092,Lee Jiyoon,qa.dyn.inst.39092.222078@yopmail.com,LG전자(주)
QA_DYN_39093,Park Hyunwoo,qa.dyn.inst.39093.241649@yopmail.com,SK하이닉스(주)
QA_DYN_39094,Choi Aram,qa.dyn.inst.39094.735147@yopmail.com,현대자동차(주)
QA_DYN_39095,Jung Sora,qa.dyn.inst.39095.398661@yopmail.com,롯데케미칼(주)
QA_DYN_39096,Kim Minsoo,qa.dyn.inst.39096.585314@yopmail.com,삼성전자(주)
QA_DYN_39097,Wěi Wáng,qa.dyn.inst.39097.387834@yopmail.com,카카오(주)
QA_DYN_39098,Han Yerin,qa.dyn.inst.39098.803995@yopmail.com,네이버(주)
QA_DYN_39099,No Company User,qa.dyn.inst.39099.716929@yopmail.com,LG전자(주)
QA_DYN_39100,Lim Doyeon,qa.dyn.inst.39100.172267@yopmail.com,포스코홀딩스(주)
QA_DYN_39101,Kim Minsoo,qa.dyn.inst.39101.225376@yopmail.com,삼성전자(주)
QA_DYN_39102,Lee Jiyoon,qa.dyn.inst.39102.150360@yopmail.com,LG전자(주)
QA_DYN_39103,Park Hyunwoo,qa.dyn.inst.39103.885869@yopmail.com,SK하이닉스(주)
QA_DYN_39104,Choi Aram,qa.dyn.inst.39104.208473@yopmail.com,현대자동차(주)
QA_DYN_39105,Jung Sora,qa.dyn.inst.39105.937328@yopmail.com,롯데케미칼(주)
QA_DYN_39106,Kim Minsoo,qa.dyn.inst.39106.314120@yopmail.com,삼성전자(주)
QA_DYN_39107,Wěi Wáng,qa.dyn.inst.39107.584697@yopmail.com,카카오(주)
QA_DYN_39108,Han Yerin,qa.dyn.inst.39108.592254@yopmail.com,네이버(주)
QA_DYN_39109,No Company User,qa.dyn.inst.39109.708316@yopmail.com,LG전자(주)
QA_DYN_39110,Lim Doyeon,qa.dyn.inst.39110.820786@yopmail.com,포스코홀딩스(주)
QA_DYN_39111,Kim Minsoo,qa.dyn.inst.39111.197593@yopmail.com,삼성전자(주)
QA_DYN_39112,Lee Jiyoon,qa.dyn.inst.39112.383775@yopmail.com,LG전자(주)
QA_DYN_39113,Park Hyunwoo,qa.dyn.inst.39113.664314@yopmail.com,SK하이닉스(주)
QA_DYN_39114,Choi Aram,qa.dyn.inst.39114.924801@yopmail.com,현대자동차(주)
QA_DYN_39115,Jung Sora,qa.dyn.inst.39115.252947@yopmail.com,롯데케미칼(주)
QA_DYN_39116,Kim Minsoo,qa.dyn.inst.39116.691733@yopmail.com,삼성전자(주)
QA_DYN_39117,Wěi Wáng,qa.dyn.inst.39117.402176@yopmail.com,카카오(주)
QA_DYN_39118,Han Yerin,qa.dyn.inst.39118.163331@yopmail.com,네이버(주)
QA_DYN_39119,No Company User,qa.dyn.inst.39119.852764@yopmail.com,LG전자(주)
QA_DYN_39120,Lim Doyeon,qa.dyn.inst.39120.780332@yopmail.com,포스코홀딩스(주)
QA_DYN_39121,Kim Minsoo,qa.dyn.inst.39121.526779@yopmail.com,삼성전자(주)
QA_DYN_39122,Lee Jiyoon,qa.dyn.inst.39122.836090@yopmail.com,LG전자(주)
QA_DYN_39123,Park Hyunwoo,qa.dyn.inst.39123.695014@yopmail.com,SK하이닉스(주)
QA_DYN_39124,Choi Aram,qa.dyn.inst.39124.726099@yopmail.com,현대자동차(주)
QA_DYN_39125,Jung Sora,qa.dyn.inst.39125.182129@yopmail.com,롯데케미칼(주)
QA_DYN_39126,Kim Minsoo,qa.dyn.inst.39126.579176@yopmail.com,삼성전자(주)
QA_DYN_39127,Wěi Wáng,qa.dyn.inst.39127.222886@yopmail.com,카카오(주)
QA_DYN_39128,Han Yerin,qa.dyn.inst.39128.960618@yopmail.com,네이버(주)
QA_DYN_39129,No Company User,qa.dyn.inst.39129.185683@yopmail.com,LG전자(주)
QA_DYN_39130,Lim Doyeon,qa.dyn.inst.39130.475157@yopmail.com,포스코홀딩스(주)
QA_DYN_39131,Kim Minsoo,qa.dyn.inst.39131.770109@yopmail.com,삼성전자(주)
QA_DYN_39132,Lee Jiyoon,qa.dyn.inst.39132.351549@yopmail.com,LG전자(주)
QA_DYN_39133,Park Hyunwoo,qa.dyn.inst.39133.821395@yopmail.com,SK하이닉스(주)
QA_DYN_39134,Choi Aram,qa.dyn.inst.39134.211426@yopmail.com,현대자동차(주)
QA_DYN_39135,Jung Sora,qa.dyn.inst.39135.743394@yopmail.com,롯데케미칼(주)
QA_DYN_39136,Kim Minsoo,qa.dyn.inst.39136.144117@yopmail.com,삼성전자(주)
QA_DYN_39137,Wěi Wáng,qa.dyn.inst.39137.176389@yopmail.com,카카오(주)
QA_DYN_39138,Han Yerin,qa.dyn.inst.39138.776723@yopmail.com,네이버(주)
QA_DYN_39139,No Company User,qa.dyn.inst.39139.941345@yopmail.com,LG전자(주)
QA_DYN_39140,Lim Doyeon,qa.dyn.inst.39140.766833@yopmail.com,포스코홀딩스(주)
QA_DYN_39141,Kim Minsoo,qa.dyn.inst.39141.434494@yopmail.com,삼성전자(주)
QA_DYN_39142,Lee Jiyoon,qa.dyn.inst.39142.543580@yopmail.com,LG전자(주)
QA_DYN_39143,Park Hyunwoo,qa.dyn.inst.39143.637380@yopmail.com,SK하이닉스(주)
QA_DYN_39144,Choi Aram,qa.dyn.inst.39144.300888@yopmail.com,현대자동차(주)
QA_DYN_39145,Jung Sora,qa.dyn.inst.39145.824692@yopmail.com,롯데케미칼(주)
QA_DYN_39146,Kim Minsoo,qa.dyn.inst.39146.289360@yopmail.com,삼성전자(주)
QA_DYN_39147,Wěi Wáng,qa.dyn.inst.39147.249075@yopmail.com,카카오(주)
QA_DYN_39148,Han Yerin,qa.dyn.inst.39148.970165@yopmail.com,네이버(주)
QA_DYN_39149,No Company User,qa.dyn.inst.39149.540006@yopmail.com,LG전자(주)
QA_DYN_39150,Lim Doyeon,qa.dyn.inst.39150.706248@yopmail.com,포스코홀딩스(주)
QA_DYN_39151,Kim Minsoo,qa.dyn.inst.39151.690943@yopmail.com,삼성전자(주)
QA_DYN_39152,Lee Jiyoon,qa.dyn.inst.39152.795392@yopmail.com,LG전자(주)
QA_DYN_39153,Park Hyunwoo,qa.dyn.inst.39153.337490@yopmail.com,SK하이닉스(주)
QA_DYN_39154,Choi Aram,qa.dyn.inst.39154.270064@yopmail.com,현대자동차(주)
QA_DYN_39155,Jung Sora,qa.dyn.inst.39155.501356@yopmail.com,롯데케미칼(주)
QA_DYN_39156,Kim Minsoo,qa.dyn.inst.39156.409540@yopmail.com,삼성전자(주)
QA_DYN_39157,Wěi Wáng,qa.dyn.inst.39157.446963@yopmail.com,카카오(주)
QA_DYN_39158,Han Yerin,qa.dyn.inst.39158.594265@yopmail.com,네이버(주)
QA_DYN_39159,No Company User,qa.dyn.inst.39159.584247@yopmail.com,LG전자(주)
QA_DYN_39160,Lim Doyeon,qa.dyn.inst.39160.909433@yopmail.com,포스코홀딩스(주)
QA_DYN_39161,Kim Minsoo,qa.dyn.inst.39161.179323@yopmail.com,삼성전자(주)
QA_DYN_39162,Lee Jiyoon,qa.dyn.inst.39162.598240@yopmail.com,LG전자(주)
QA_DYN_39163,Park Hyunwoo,qa.dyn.inst.39163.363906@yopmail.com,SK하이닉스(주)
QA_DYN_39164,Choi Aram,qa.dyn.inst.39164.884489@yopmail.com,현대자동차(주)
QA_DYN_39165,Jung Sora,qa.dyn.inst.39165.652762@yopmail.com,롯데케미칼(주)
QA_DYN_39166,Kim Minsoo,qa.dyn.inst.39166.855851@yopmail.com,삼성전자(주)
QA_DYN_39167,Wěi Wáng,qa.dyn.inst.39167.737518@yopmail.com,카카오(주)
QA_DYN_39168,Han Yerin,qa.dyn.inst.39168.795910@yopmail.com,네이버(주)
QA_DYN_39169,No Company User,qa.dyn.inst.39169.180920@yopmail.com,LG전자(주)
QA_DYN_39170,Lim Doyeon,qa.dyn.inst.39170.459436@yopmail.com,포스코홀딩스(주)
QA_DYN_39171,Kim Minsoo,qa.dyn.inst.39171.156020@yopmail.com,삼성전자(주)
QA_DYN_39172,Lee Jiyoon,qa.dyn.inst.39172.500447@yopmail.com,LG전자(주)
QA_DYN_39173,Park Hyunwoo,qa.dyn.inst.39173.686589@yopmail.com,SK하이닉스(주)
QA_DYN_39174,Choi Aram,qa.dyn.inst.39174.314805@yopmail.com,현대자동차(주)
QA_DYN_39175,Jung Sora,qa.dyn.inst.39175.466822@yopmail.com,롯데케미칼(주)
QA_DYN_39176,Kim Minsoo,qa.dyn.inst.39176.284175@yopmail.com,삼성전자(주)
QA_DYN_39177,Wěi Wáng,qa.dyn.inst.39177.702527@yopmail.com,카카오(주)
QA_DYN_39178,Han Yerin,qa.dyn.inst.39178.580452@yopmail.com,네이버(주)
QA_DYN_39179,No Company User,qa.dyn.inst.39179.662404@yopmail.com,LG전자(주)
QA_DYN_39180,Lim Doyeon,qa.dyn.inst.39180.394567@yopmail.com,포스코홀딩스(주)
QA_DYN_39181,Kim Minsoo,qa.dyn.inst.39181.423279@yopmail.com,삼성전자(주)
QA_DYN_39182,Lee Jiyoon,qa.dyn.inst.39182.833688@yopmail.com,LG전자(주)
QA_DYN_39183,Park Hyunwoo,qa.dyn.inst.39183.210488@yopmail.com,SK하이닉스(주)
QA_DYN_39184,Choi Aram,qa.dyn.inst.39184.498863@yopmail.com,현대자동차(주)
QA_DYN_39185,Jung Sora,qa.dyn.inst.39185.757203@yopmail.com,롯데케미칼(주)
QA_DYN_39186,Kim Minsoo,qa.dyn.inst.39186.959977@yopmail.com,삼성전자(주)
QA_DYN_39187,Wěi Wáng,qa.dyn.inst.39187.782985@yopmail.com,카카오(주)
QA_DYN_39188,Han Yerin,qa.dyn.inst.39188.639740@yopmail.com,네이버(주)
QA_DYN_39189,No Company User,qa.dyn.inst.39189.679271@yopmail.com,LG전자(주)
QA_DYN_39190,Lim Doyeon,qa.dyn.inst.39190.893416@yopmail.com,포스코홀딩스(주)
QA_DYN_39191,Kim Minsoo,qa.dyn.inst.39191.728313@yopmail.com,삼성전자(주)
QA_DYN_39192,Lee Jiyoon,qa.dyn.inst.39192.311738@yopmail.com,LG전자(주)
QA_DYN_39193,Park Hyunwoo,qa.dyn.inst.39193.370391@yopmail.com,SK하이닉스(주)
QA_DYN_39194,Choi Aram,qa.dyn.inst.39194.520959@yopmail.com,현대자동차(주)
QA_DYN_39195,Jung Sora,qa.dyn.inst.39195.909602@yopmail.com,롯데케미칼(주)
QA_DYN_39196,Kim Minsoo,qa.dyn.inst.39196.575936@yopmail.com,삼성전자(주)
QA_DYN_39197,Wěi Wáng,qa.dyn.inst.39197.827794@yopmail.com,카카오(주)
QA_DYN_39198,Han Yerin,qa.dyn.inst.39198.610074@yopmail.com,네이버(주)
QA_DYN_39199,No Company User,qa.dyn.inst.39199.288727@yopmail.com,LG전자(주)
QA_DYN_39200,Lim Doyeon,qa.dyn.inst.39200.280945@yopmail.com,포스코홀딩스(주)
QA_DYN_39201,Kim Minsoo,qa.dyn.inst.39201.237154@yopmail.com,삼성전자(주)
QA_DYN_39202,Lee Jiyoon,qa.dyn.inst.39202.236024@yopmail.com,LG전자(주)
QA_DYN_39203,Park Hyunwoo,qa.dyn.inst.39203.286048@yopmail.com,SK하이닉스(주)
QA_DYN_39204,Choi Aram,qa.dyn.inst.39204.127277@yopmail.com,현대자동차(주)
QA_DYN_39205,Jung Sora,qa.dyn.inst.39205.779550@yopmail.com,롯데케미칼(주)
QA_DYN_39206,Kim Minsoo,qa.dyn.inst.39206.147632@yopmail.com,삼성전자(주)
QA_DYN_39207,Wěi Wáng,qa.dyn.inst.39207.594517@yopmail.com,카카오(주)
QA_DYN_39208,Han Yerin,qa.dyn.inst.39208.189379@yopmail.com,네이버(주)
QA_DYN_39209,No Company User,qa.dyn.inst.39209.995273@yopmail.com,LG전자(주)
QA_DYN_39210,Lim Doyeon,qa.dyn.inst.39210.546575@yopmail.com,포스코홀딩스(주)
QA_DYN_39211,Kim Minsoo,qa.dyn.inst.39211.734143@yopmail.com,삼성전자(주)
QA_DYN_39212,Lee Jiyoon,qa.dyn.inst.39212.717773@yopmail.com,LG전자(주)
QA_DYN_39213,Park Hyunwoo,qa.dyn.inst.39213.267435@yopmail.com,SK하이닉스(주)
QA_DYN_39214,Choi Aram,qa.dyn.inst.39214.975283@yopmail.com,현대자동차(주)
QA_DYN_39215,Jung Sora,qa.dyn.inst.39215.894922@yopmail.com,롯데케미칼(주)
QA_DYN_39216,Kim Minsoo,qa.dyn.inst.39216.912918@yopmail.com,삼성전자(주)
QA_DYN_39217,Wěi Wáng,qa.dyn.inst.39217.453462@yopmail.com,카카오(주)
QA_DYN_39218,Han Yerin,qa.dyn.inst.39218.936060@yopmail.com,네이버(주)
QA_DYN_39219,No Company User,qa.dyn.inst.39219.790165@yopmail.com,LG전자(주)
QA_DYN_39220,Lim Doyeon,qa.dyn.inst.39220.860477@yopmail.com,포스코홀딩스(주)
QA_DYN_39221,Kim Minsoo,qa.dyn.inst.39221.422906@yopmail.com,삼성전자(주)
QA_DYN_39222,Lee Jiyoon,qa.dyn.inst.39222.138713@yopmail.com,LG전자(주)
QA_DYN_39223,Park Hyunwoo,qa.dyn.inst.39223.260158@yopmail.com,SK하이닉스(주)
QA_DYN_39224,Choi Aram,qa.dyn.inst.39224.223861@yopmail.com,현대자동차(주)
QA_DYN_39225,Jung Sora,qa.dyn.inst.39225.230427@yopmail.com,롯데케미칼(주)
QA_DYN_39226,Kim Minsoo,qa.dyn.inst.39226.342974@yopmail.com,삼성전자(주)
QA_DYN_39227,Wěi Wáng,qa.dyn.inst.39227.593835@yopmail.com,카카오(주)
QA_DYN_39228,Han Yerin,qa.dyn.inst.39228.997117@yopmail.com,네이버(주)
QA_DYN_39229,No Company User,qa.dyn.inst.39229.511194@yopmail.com,LG전자(주)
QA_DYN_39230,Lim Doyeon,qa.dyn.inst.39230.578208@yopmail.com,포스코홀딩스(주)
QA_DYN_39231,Kim Minsoo,qa.dyn.inst.39231.870013@yopmail.com,삼성전자(주)
QA_DYN_39232,Lee Jiyoon,qa.dyn.inst.39232.574362@yopmail.com,LG전자(주)
QA_DYN_39233,Park Hyunwoo,qa.dyn.inst.39233.732039@yopmail.com,SK하이닉스(주)
QA_DYN_39234,Choi Aram,qa.dyn.inst.39234.491442@yopmail.com,현대자동차(주)
QA_DYN_39235,Jung Sora,qa.dyn.inst.39235.974753@yopmail.com,롯데케미칼(주)
QA_DYN_39236,Kim Minsoo,qa.dyn.inst.39236.598492@yopmail.com,삼성전자(주)
QA_DYN_39237,Wěi Wáng,qa.dyn.inst.39237.354369@yopmail.com,카카오(주)
QA_DYN_39238,Han Yerin,qa.dyn.inst.39238.690391@yopmail.com,네이버(주)
QA_DYN_39239,No Company User,qa.dyn.inst.39239.867294@yopmail.com,LG전자(주)
QA_DYN_39240,Lim Doyeon,qa.dyn.inst.39240.348386@yopmail.com,포스코홀딩스(주)
QA_DYN_39241,Kim Minsoo,qa.dyn.inst.39241.785660@yopmail.com,삼성전자(주)
QA_DYN_39242,Lee Jiyoon,qa.dyn.inst.39242.282894@yopmail.com,LG전자(주)
QA_DYN_39243,Park Hyunwoo,qa.dyn.inst.39243.474025@yopmail.com,SK하이닉스(주)
QA_DYN_39244,Choi Aram,qa.dyn.inst.39244.961675@yopmail.com,현대자동차(주)
QA_DYN_39245,Jung Sora,qa.dyn.inst.39245.385860@yopmail.com,롯데케미칼(주)
QA_DYN_39246,Kim Minsoo,qa.dyn.inst.39246.580090@yopmail.com,삼성전자(주)
QA_DYN_39247,Wěi Wáng,qa.dyn.inst.39247.465074@yopmail.com,카카오(주)
QA_DYN_39248,Han Yerin,qa.dyn.inst.39248.616621@yopmail.com,네이버(주)
QA_DYN_39249,No Company User,qa.dyn.inst.39249.723533@yopmail.com,LG전자(주)
QA_DYN_39250,Lim Doyeon,qa.dyn.inst.39250.742372@yopmail.com,포스코홀딩스(주)
QA_DYN_39251,Kim Minsoo,qa.dyn.inst.39251.860871@yopmail.com,삼성전자(주)
QA_DYN_39252,Lee Jiyoon,qa.dyn.inst.39252.828448@yopmail.com,LG전자(주)
QA_DYN_39253,Park Hyunwoo,qa.dyn.inst.39253.535019@yopmail.com,SK하이닉스(주)
QA_DYN_39254,Choi Aram,qa.dyn.inst.39254.539451@yopmail.com,현대자동차(주)
QA_DYN_39255,Jung Sora,qa.dyn.inst.39255.491721@yopmail.com,롯데케미칼(주)
QA_DYN_39256,Kim Minsoo,qa.dyn.inst.39256.114340@yopmail.com,삼성전자(주)
QA_DYN_39257,Wěi Wáng,qa.dyn.inst.39257.145186@yopmail.com,카카오(주)
QA_DYN_39258,Han Yerin,qa.dyn.inst.39258.239610@yopmail.com,네이버(주)
QA_DYN_39259,No Company User,qa.dyn.inst.39259.776322@yopmail.com,LG전자(주)
QA_DYN_39260,Lim Doyeon,qa.dyn.inst.39260.224383@yopmail.com,포스코홀딩스(주)
QA_DYN_39261,Kim Minsoo,qa.dyn.inst.39261.411115@yopmail.com,삼성전자(주)
QA_DYN_39262,Lee Jiyoon,qa.dyn.inst.39262.548201@yopmail.com,LG전자(주)
QA_DYN_39263,Park Hyunwoo,qa.dyn.inst.39263.912262@yopmail.com,SK하이닉스(주)
QA_DYN_39264,Choi Aram,qa.dyn.inst.39264.527263@yopmail.com,현대자동차(주)
QA_DYN_39265,Jung Sora,qa.dyn.inst.39265.632192@yopmail.com,롯데케미칼(주)
QA_DYN_39266,Kim Minsoo,qa.dyn.inst.39266.712342@yopmail.com,삼성전자(주)
QA_DYN_39267,Wěi Wáng,qa.dyn.inst.39267.876553@yopmail.com,카카오(주)
QA_DYN_39268,Han Yerin,qa.dyn.inst.39268.195026@yopmail.com,네이버(주)
QA_DYN_39269,No Company User,qa.dyn.inst.39269.483416@yopmail.com,LG전자(주)
QA_DYN_39270,Lim Doyeon,qa.dyn.inst.39270.723319@yopmail.com,포스코홀딩스(주)
QA_DYN_39271,Kim Minsoo,qa.dyn.inst.39271.245249@yopmail.com,삼성전자(주)
QA_DYN_39272,Lee Jiyoon,qa.dyn.inst.39272.150872@yopmail.com,LG전자(주)
QA_DYN_39273,Park Hyunwoo,qa.dyn.inst.39273.353777@yopmail.com,SK하이닉스(주)
QA_DYN_39274,Choi Aram,qa.dyn.inst.39274.298651@yopmail.com,현대자동차(주)
QA_DYN_39275,Jung Sora,qa.dyn.inst.39275.853644@yopmail.com,롯데케미칼(주)
QA_DYN_39276,Kim Minsoo,qa.dyn.inst.39276.668827@yopmail.com,삼성전자(주)
QA_DYN_39277,Wěi Wáng,qa.dyn.inst.39277.271688@yopmail.com,카카오(주)
QA_DYN_39278,Han Yerin,qa.dyn.inst.39278.758578@yopmail.com,네이버(주)
QA_DYN_39279,No Company User,qa.dyn.inst.39279.408968@yopmail.com,LG전자(주)
QA_DYN_39280,Lim Doyeon,qa.dyn.inst.39280.850728@yopmail.com,포스코홀딩스(주)
QA_DYN_39281,Kim Minsoo,qa.dyn.inst.39281.403732@yopmail.com,삼성전자(주)
QA_DYN_39282,Lee Jiyoon,qa.dyn.inst.39282.602259@yopmail.com,LG전자(주)
QA_DYN_39283,Park Hyunwoo,qa.dyn.inst.39283.695694@yopmail.com,SK하이닉스(주)
QA_DYN_39284,Choi Aram,qa.dyn.inst.39284.568203@yopmail.com,현대자동차(주)
QA_DYN_39285,Jung Sora,qa.dyn.inst.39285.466206@yopmail.com,롯데케미칼(주)
QA_DYN_39286,Kim Minsoo,qa.dyn.inst.39286.480623@yopmail.com,삼성전자(주)
QA_DYN_39287,Wěi Wáng,qa.dyn.inst.39287.507119@yopmail.com,카카오(주)
QA_DYN_39288,Han Yerin,qa.dyn.inst.39288.685675@yopmail.com,네이버(주)
QA_DYN_39289,No Company User,qa.dyn.inst.39289.119610@yopmail.com,LG전자(주)
QA_DYN_39290,Lim Doyeon,qa.dyn.inst.39290.222587@yopmail.com,포스코홀딩스(주)
QA_DYN_39291,Kim Minsoo,qa.dyn.inst.39291.286445@yopmail.com,삼성전자(주)
QA_DYN_39292,Lee Jiyoon,qa.dyn.inst.39292.769441@yopmail.com,LG전자(주)
QA_DYN_39293,Park Hyunwoo,qa.dyn.inst.39293.564978@yopmail.com,SK하이닉스(주)
QA_DYN_39294,Choi Aram,qa.dyn.inst.39294.581901@yopmail.com,현대자동차(주)
QA_DYN_39295,Jung Sora,qa.dyn.inst.39295.928448@yopmail.com,롯데케미칼(주)
QA_DYN_39296,Kim Minsoo,qa.dyn.inst.39296.142278@yopmail.com,삼성전자(주)
QA_DYN_39297,Wěi Wáng,qa.dyn.inst.39297.416624@yopmail.com,카카오(주)
QA_DYN_39298,Han Yerin,qa.dyn.inst.39298.749241@yopmail.com,네이버(주)
QA_DYN_39299,No Company User,qa.dyn.inst.39299.245068@yopmail.com,LG전자(주)
QA_DYN_39300,Lim Doyeon,qa.dyn.inst.39300.644989@yopmail.com,포스코홀딩스(주)
QA_DYN_39301,Kim Minsoo,qa.dyn.inst.39301.375056@yopmail.com,삼성전자(주)
QA_DYN_39302,Lee Jiyoon,qa.dyn.inst.39302.546905@yopmail.com,LG전자(주)
QA_DYN_39303,Park Hyunwoo,qa.dyn.inst.39303.885512@yopmail.com,SK하이닉스(주)
QA_DYN_39304,Choi Aram,qa.dyn.inst.39304.125799@yopmail.com,현대자동차(주)
QA_DYN_39305,Jung Sora,qa.dyn.inst.39305.931441@yopmail.com,롯데케미칼(주)
QA_DYN_39306,Kim Minsoo,qa.dyn.inst.39306.839123@yopmail.com,삼성전자(주)
QA_DYN_39307,Wěi Wáng,qa.dyn.inst.39307.102992@yopmail.com,카카오(주)
QA_DYN_39308,Han Yerin,qa.dyn.inst.39308.486371@yopmail.com,네이버(주)
QA_DYN_39309,No Company User,qa.dyn.inst.39309.242967@yopmail.com,LG전자(주)
QA_DYN_39310,Lim Doyeon,qa.dyn.inst.39310.186041@yopmail.com,포스코홀딩스(주)
QA_DYN_39311,Kim Minsoo,qa.dyn.inst.39311.466622@yopmail.com,삼성전자(주)
QA_DYN_39312,Lee Jiyoon,qa.dyn.inst.39312.768616@yopmail.com,LG전자(주)
QA_DYN_39313,Park Hyunwoo,qa.dyn.inst.39313.546605@yopmail.com,SK하이닉스(주)
QA_DYN_39314,Choi Aram,qa.dyn.inst.39314.819862@yopmail.com,현대자동차(주)
QA_DYN_39315,Jung Sora,qa.dyn.inst.39315.140193@yopmail.com,롯데케미칼(주)
QA_DYN_39316,Kim Minsoo,qa.dyn.inst.39316.980666@yopmail.com,삼성전자(주)
QA_DYN_39317,Wěi Wáng,qa.dyn.inst.39317.138287@yopmail.com,카카오(주)
QA_DYN_39318,Han Yerin,qa.dyn.inst.39318.582132@yopmail.com,네이버(주)
QA_DYN_39319,No Company User,qa.dyn.inst.39319.936820@yopmail.com,LG전자(주)
QA_DYN_39320,Lim Doyeon,qa.dyn.inst.39320.380513@yopmail.com,포스코홀딩스(주)
QA_DYN_39321,Kim Minsoo,qa.dyn.inst.39321.168439@yopmail.com,삼성전자(주)
QA_DYN_39322,Lee Jiyoon,qa.dyn.inst.39322.821472@yopmail.com,LG전자(주)
QA_DYN_39323,Park Hyunwoo,qa.dyn.inst.39323.302365@yopmail.com,SK하이닉스(주)
QA_DYN_39324,Choi Aram,qa.dyn.inst.39324.414475@yopmail.com,현대자동차(주)
QA_DYN_39325,Jung Sora,qa.dyn.inst.39325.330366@yopmail.com,롯데케미칼(주)
QA_DYN_39326,Kim Minsoo,qa.dyn.inst.39326.578028@yopmail.com,삼성전자(주)
QA_DYN_39327,Wěi Wáng,qa.dyn.inst.39327.895371@yopmail.com,카카오(주)
QA_DYN_39328,Han Yerin,qa.dyn.inst.39328.207277@yopmail.com,네이버(주)
QA_DYN_39329,No Company User,qa.dyn.inst.39329.158894@yopmail.com,LG전자(주)
QA_DYN_39330,Lim Doyeon,qa.dyn.inst.39330.880011@yopmail.com,포스코홀딩스(주)
QA_DYN_39331,Kim Minsoo,qa.dyn.inst.39331.833355@yopmail.com,삼성전자(주)
QA_DYN_39332,Lee Jiyoon,qa.dyn.inst.39332.193969@yopmail.com,LG전자(주)
QA_DYN_39333,Park Hyunwoo,qa.dyn.inst.39333.126792@yopmail.com,SK하이닉스(주)
QA_DYN_39334,Choi Aram,qa.dyn.inst.39334.560890@yopmail.com,현대자동차(주)
QA_DYN_39335,Jung Sora,qa.dyn.inst.39335.759452@yopmail.com,롯데케미칼(주)
QA_DYN_39336,Kim Minsoo,qa.dyn.inst.39336.990837@yopmail.com,삼성전자(주)
QA_DYN_39337,Wěi Wáng,qa.dyn.inst.39337.290963@yopmail.com,카카오(주)
QA_DYN_39338,Han Yerin,qa.dyn.inst.39338.138344@yopmail.com,네이버(주)
QA_DYN_39339,No Company User,qa.dyn.inst.39339.689578@yopmail.com,LG전자(주)
QA_DYN_39340,Lim Doyeon,qa.dyn.inst.39340.209819@yopmail.com,포스코홀딩스(주)
QA_DYN_39341,Kim Minsoo,qa.dyn.inst.39341.812185@yopmail.com,삼성전자(주)
QA_DYN_39342,Lee Jiyoon,qa.dyn.inst.39342.984695@yopmail.com,LG전자(주)
QA_DYN_39343,Park Hyunwoo,qa.dyn.inst.39343.248516@yopmail.com,SK하이닉스(주)
QA_DYN_39344,Choi Aram,qa.dyn.inst.39344.173710@yopmail.com,현대자동차(주)
QA_DYN_39345,Jung Sora,qa.dyn.inst.39345.149329@yopmail.com,롯데케미칼(주)
QA_DYN_39346,Kim Minsoo,qa.dyn.inst.39346.230976@yopmail.com,삼성전자(주)
QA_DYN_39347,Wěi Wáng,qa.dyn.inst.39347.927584@yopmail.com,카카오(주)
QA_DYN_39348,Han Yerin,qa.dyn.inst.39348.650953@yopmail.com,네이버(주)
QA_DYN_39349,No Company User,qa.dyn.inst.39349.202885@yopmail.com,LG전자(주)
QA_DYN_39350,Lim Doyeon,qa.dyn.inst.39350.359506@yopmail.com,포스코홀딩스(주)
QA_DYN_39351,Kim Minsoo,qa.dyn.inst.39351.618465@yopmail.com,삼성전자(주)
QA_DYN_39352,Lee Jiyoon,qa.dyn.inst.39352.474300@yopmail.com,LG전자(주)
QA_DYN_39353,Park Hyunwoo,qa.dyn.inst.39353.454536@yopmail.com,SK하이닉스(주)
QA_DYN_39354,Choi Aram,qa.dyn.inst.39354.163573@yopmail.com,현대자동차(주)
QA_DYN_39355,Jung Sora,qa.dyn.inst.39355.240329@yopmail.com,롯데케미칼(주)
QA_DYN_39356,Kim Minsoo,qa.dyn.inst.39356.981453@yopmail.com,삼성전자(주)
QA_DYN_39357,Wěi Wáng,qa.dyn.inst.39357.612513@yopmail.com,카카오(주)
QA_DYN_39358,Han Yerin,qa.dyn.inst.39358.907368@yopmail.com,네이버(주)
QA_DYN_39359,No Company User,qa.dyn.inst.39359.965888@yopmail.com,LG전자(주)
QA_DYN_39360,Lim Doyeon,qa.dyn.inst.39360.968514@yopmail.com,포스코홀딩스(주)
QA_DYN_39361,Kim Minsoo,qa.dyn.inst.39361.137339@yopmail.com,삼성전자(주)
QA_DYN_39362,Lee Jiyoon,qa.dyn.inst.39362.558533@yopmail.com,LG전자(주)
QA_DYN_39363,Park Hyunwoo,qa.dyn.inst.39363.608327@yopmail.com,SK하이닉스(주)
QA_DYN_39364,Choi Aram,qa.dyn.inst.39364.992818@yopmail.com,현대자동차(주)
QA_DYN_39365,Jung Sora,qa.dyn.inst.39365.564023@yopmail.com,롯데케미칼(주)
QA_DYN_39366,Kim Minsoo,qa.dyn.inst.39366.988619@yopmail.com,삼성전자(주)
QA_DYN_39367,Wěi Wáng,qa.dyn.inst.39367.764911@yopmail.com,카카오(주)
QA_DYN_39368,Han Yerin,qa.dyn.inst.39368.222797@yopmail.com,네이버(주)
QA_DYN_39369,No Company User,qa.dyn.inst.39369.858026@yopmail.com,LG전자(주)
QA_DYN_39370,Lim Doyeon,qa.dyn.inst.39370.946428@yopmail.com,포스코홀딩스(주)
QA_DYN_39371,Kim Minsoo,qa.dyn.inst.39371.655231@yopmail.com,삼성전자(주)
QA_DYN_39372,Lee Jiyoon,qa.dyn.inst.39372.573169@yopmail.com,LG전자(주)
QA_DYN_39373,Park Hyunwoo,qa.dyn.inst.39373.715819@yopmail.com,SK하이닉스(주)
QA_DYN_39374,Choi Aram,qa.dyn.inst.39374.130049@yopmail.com,현대자동차(주)
QA_DYN_39375,Jung Sora,qa.dyn.inst.39375.614583@yopmail.com,롯데케미칼(주)
QA_DYN_39376,Kim Minsoo,qa.dyn.inst.39376.653455@yopmail.com,삼성전자(주)
QA_DYN_39377,Wěi Wáng,qa.dyn.inst.39377.165466@yopmail.com,카카오(주)
QA_DYN_39378,Han Yerin,qa.dyn.inst.39378.159512@yopmail.com,네이버(주)
QA_DYN_39379,No Company User,qa.dyn.inst.39379.230044@yopmail.com,LG전자(주)
QA_DYN_39380,Lim Doyeon,qa.dyn.inst.39380.644368@yopmail.com,포스코홀딩스(주)
QA_DYN_39381,Kim Minsoo,qa.dyn.inst.39381.606854@yopmail.com,삼성전자(주)
QA_DYN_39382,Lee Jiyoon,qa.dyn.inst.39382.239219@yopmail.com,LG전자(주)
QA_DYN_39383,Park Hyunwoo,qa.dyn.inst.39383.361358@yopmail.com,SK하이닉스(주)
QA_DYN_39384,Choi Aram,qa.dyn.inst.39384.661788@yopmail.com,현대자동차(주)
QA_DYN_39385,Jung Sora,qa.dyn.inst.39385.747499@yopmail.com,롯데케미칼(주)
QA_DYN_39386,Kim Minsoo,qa.dyn.inst.39386.875404@yopmail.com,삼성전자(주)
QA_DYN_39387,Wěi Wáng,qa.dyn.inst.39387.650069@yopmail.com,카카오(주)
QA_DYN_39388,Han Yerin,qa.dyn.inst.39388.249198@yopmail.com,네이버(주)
QA_DYN_39389,No Company User,qa.dyn.inst.39389.544779@yopmail.com,LG전자(주)
QA_DYN_39390,Lim Doyeon,qa.dyn.inst.39390.288880@yopmail.com,포스코홀딩스(주)
QA_DYN_39391,Kim Minsoo,qa.dyn.inst.39391.323761@yopmail.com,삼성전자(주)
QA_DYN_39392,Lee Jiyoon,qa.dyn.inst.39392.920989@yopmail.com,LG전자(주)
QA_DYN_39393,Park Hyunwoo,qa.dyn.inst.39393.475782@yopmail.com,SK하이닉스(주)
QA_DYN_39394,Choi Aram,qa.dyn.inst.39394.708072@yopmail.com,현대자동차(주)
QA_DYN_39395,Jung Sora,qa.dyn.inst.39395.151008@yopmail.com,롯데케미칼(주)
QA_DYN_39396,Kim Minsoo,qa.dyn.inst.39396.301220@yopmail.com,삼성전자(주)
QA_DYN_39397,Wěi Wáng,qa.dyn.inst.39397.640112@yopmail.com,카카오(주)
QA_DYN_39398,Han Yerin,qa.dyn.inst.39398.960312@yopmail.com,네이버(주)
QA_DYN_39399,No Company User,qa.dyn.inst.39399.317361@yopmail.com,LG전자(주)
QA_DYN_39400,Lim Doyeon,qa.dyn.inst.39400.354873@yopmail.com,포스코홀딩스(주)
QA_DYN_39401,Kim Minsoo,qa.dyn.inst.39401.251166@yopmail.com,삼성전자(주)
QA_DYN_39402,Lee Jiyoon,qa.dyn.inst.39402.305577@yopmail.com,LG전자(주)
QA_DYN_39403,Park Hyunwoo,qa.dyn.inst.39403.273393@yopmail.com,SK하이닉스(주)
QA_DYN_39404,Choi Aram,qa.dyn.inst.39404.293475@yopmail.com,현대자동차(주)
QA_DYN_39405,Jung Sora,qa.dyn.inst.39405.286098@yopmail.com,롯데케미칼(주)
QA_DYN_39406,Kim Minsoo,qa.dyn.inst.39406.752514@yopmail.com,삼성전자(주)
QA_DYN_39407,Wěi Wáng,qa.dyn.inst.39407.135346@yopmail.com,카카오(주)
QA_DYN_39408,Han Yerin,qa.dyn.inst.39408.580327@yopmail.com,네이버(주)
QA_DYN_39409,No Company User,qa.dyn.inst.39409.953001@yopmail.com,LG전자(주)
QA_DYN_39410,Lim Doyeon,qa.dyn.inst.39410.425694@yopmail.com,포스코홀딩스(주)
QA_DYN_39411,Kim Minsoo,qa.dyn.inst.39411.952168@yopmail.com,삼성전자(주)
QA_DYN_39412,Lee Jiyoon,qa.dyn.inst.39412.750433@yopmail.com,LG전자(주)
QA_DYN_39413,Park Hyunwoo,qa.dyn.inst.39413.379644@yopmail.com,SK하이닉스(주)
QA_DYN_39414,Choi Aram,qa.dyn.inst.39414.596754@yopmail.com,현대자동차(주)
QA_DYN_39415,Jung Sora,qa.dyn.inst.39415.468031@yopmail.com,롯데케미칼(주)
QA_DYN_39416,Kim Minsoo,qa.dyn.inst.39416.197878@yopmail.com,삼성전자(주)
QA_DYN_39417,Wěi Wáng,qa.dyn.inst.39417.216807@yopmail.com,카카오(주)
QA_DYN_39418,Han Yerin,qa.dyn.inst.39418.806406@yopmail.com,네이버(주)
QA_DYN_39419,No Company User,qa.dyn.inst.39419.168474@yopmail.com,LG전자(주)
QA_DYN_39420,Lim Doyeon,qa.dyn.inst.39420.255858@yopmail.com,포스코홀딩스(주)
QA_DYN_39421,Kim Minsoo,qa.dyn.inst.39421.166270@yopmail.com,삼성전자(주)
QA_DYN_39422,Lee Jiyoon,qa.dyn.inst.39422.581311@yopmail.com,LG전자(주)
QA_DYN_39423,Park Hyunwoo,qa.dyn.inst.39423.695085@yopmail.com,SK하이닉스(주)
QA_DYN_39424,Choi Aram,qa.dyn.inst.39424.149604@yopmail.com,현대자동차(주)
QA_DYN_39425,Jung Sora,qa.dyn.inst.39425.703768@yopmail.com,롯데케미칼(주)
QA_DYN_39426,Kim Minsoo,qa.dyn.inst.39426.374116@yopmail.com,삼성전자(주)
QA_DYN_39427,Wěi Wáng,qa.dyn.inst.39427.764575@yopmail.com,카카오(주)
QA_DYN_39428,Han Yerin,qa.dyn.inst.39428.957174@yopmail.com,네이버(주)
QA_DYN_39429,No Company User,qa.dyn.inst.39429.584213@yopmail.com,LG전자(주)
QA_DYN_39430,Lim Doyeon,qa.dyn.inst.39430.524098@yopmail.com,포스코홀딩스(주)
QA_DYN_39431,Kim Minsoo,qa.dyn.inst.39431.897186@yopmail.com,삼성전자(주)
QA_DYN_39432,Lee Jiyoon,qa.dyn.inst.39432.190009@yopmail.com,LG전자(주)
QA_DYN_39433,Park Hyunwoo,qa.dyn.inst.39433.585650@yopmail.com,SK하이닉스(주)
QA_DYN_39434,Choi Aram,qa.dyn.inst.39434.747407@yopmail.com,현대자동차(주)
QA_DYN_39435,Jung Sora,qa.dyn.inst.39435.182840@yopmail.com,롯데케미칼(주)
QA_DYN_39436,Kim Minsoo,qa.dyn.inst.39436.366525@yopmail.com,삼성전자(주)
QA_DYN_39437,Wěi Wáng,qa.dyn.inst.39437.686031@yopmail.com,카카오(주)
QA_DYN_39438,Han Yerin,qa.dyn.inst.39438.315417@yopmail.com,네이버(주)
QA_DYN_39439,No Company User,qa.dyn.inst.39439.216073@yopmail.com,LG전자(주)
QA_DYN_39440,Lim Doyeon,qa.dyn.inst.39440.123602@yopmail.com,포스코홀딩스(주)
QA_DYN_39441,Kim Minsoo,qa.dyn.inst.39441.577032@yopmail.com,삼성전자(주)
QA_DYN_39442,Lee Jiyoon,qa.dyn.inst.39442.192667@yopmail.com,LG전자(주)
QA_DYN_39443,Park Hyunwoo,qa.dyn.inst.39443.970185@yopmail.com,SK하이닉스(주)
QA_DYN_39444,Choi Aram,qa.dyn.inst.39444.877724@yopmail.com,현대자동차(주)
QA_DYN_39445,Jung Sora,qa.dyn.inst.39445.660770@yopmail.com,롯데케미칼(주)
QA_DYN_39446,Kim Minsoo,qa.dyn.inst.39446.442243@yopmail.com,삼성전자(주)
QA_DYN_39447,Wěi Wáng,qa.dyn.inst.39447.764537@yopmail.com,카카오(주)
QA_DYN_39448,Han Yerin,qa.dyn.inst.39448.666678@yopmail.com,네이버(주)
QA_DYN_39449,No Company User,qa.dyn.inst.39449.234806@yopmail.com,LG전자(주)
QA_DYN_39450,Lim Doyeon,qa.dyn.inst.39450.799074@yopmail.com,포스코홀딩스(주)
QA_DYN_39451,Kim Minsoo,qa.dyn.inst.39451.671433@yopmail.com,삼성전자(주)
QA_DYN_39452,Lee Jiyoon,qa.dyn.inst.39452.919910@yopmail.com,LG전자(주)
QA_DYN_39453,Park Hyunwoo,qa.dyn.inst.39453.427881@yopmail.com,SK하이닉스(주)
QA_DYN_39454,Choi Aram,qa.dyn.inst.39454.876126@yopmail.com,현대자동차(주)
QA_DYN_39455,Jung Sora,qa.dyn.inst.39455.442837@yopmail.com,롯데케미칼(주)
QA_DYN_39456,Kim Minsoo,qa.dyn.inst.39456.854212@yopmail.com,삼성전자(주)
QA_DYN_39457,Wěi Wáng,qa.dyn.inst.39457.216253@yopmail.com,카카오(주)
QA_DYN_39458,Han Yerin,qa.dyn.inst.39458.878065@yopmail.com,네이버(주)
QA_DYN_39459,No Company User,qa.dyn.inst.39459.379918@yopmail.com,LG전자(주)
QA_DYN_39460,Lim Doyeon,qa.dyn.inst.39460.527103@yopmail.com,포스코홀딩스(주)
QA_DYN_39461,Kim Minsoo,qa.dyn.inst.39461.399078@yopmail.com,삼성전자(주)
QA_DYN_39462,Lee Jiyoon,qa.dyn.inst.39462.114515@yopmail.com,LG전자(주)
QA_DYN_39463,Park Hyunwoo,qa.dyn.inst.39463.105623@yopmail.com,SK하이닉스(주)
QA_DYN_39464,Choi Aram,qa.dyn.inst.39464.617360@yopmail.com,현대자동차(주)
QA_DYN_39465,Jung Sora,qa.dyn.inst.39465.429902@yopmail.com,롯데케미칼(주)
QA_DYN_39466,Kim Minsoo,qa.dyn.inst.39466.243730@yopmail.com,삼성전자(주)
QA_DYN_39467,Wěi Wáng,qa.dyn.inst.39467.171421@yopmail.com,카카오(주)
QA_DYN_39468,Han Yerin,qa.dyn.inst.39468.419584@yopmail.com,네이버(주)
QA_DYN_39469,No Company User,qa.dyn.inst.39469.814979@yopmail.com,LG전자(주)
QA_DYN_39470,Lim Doyeon,qa.dyn.inst.39470.693504@yopmail.com,포스코홀딩스(주)
QA_DYN_39471,Kim Minsoo,qa.dyn.inst.39471.456815@yopmail.com,삼성전자(주)
QA_DYN_39472,Lee Jiyoon,qa.dyn.inst.39472.392031@yopmail.com,LG전자(주)
QA_DYN_39473,Park Hyunwoo,qa.dyn.inst.39473.235730@yopmail.com,SK하이닉스(주)
QA_DYN_39474,Choi Aram,qa.dyn.inst.39474.365890@yopmail.com,현대자동차(주)
QA_DYN_39475,Jung Sora,qa.dyn.inst.39475.822657@yopmail.com,롯데케미칼(주)
QA_DYN_39476,Kim Minsoo,qa.dyn.inst.39476.328841@yopmail.com,삼성전자(주)
QA_DYN_39477,Wěi Wáng,qa.dyn.inst.39477.949048@yopmail.com,카카오(주)
QA_DYN_39478,Han Yerin,qa.dyn.inst.39478.971064@yopmail.com,네이버(주)
QA_DYN_39479,No Company User,qa.dyn.inst.39479.890975@yopmail.com,LG전자(주)
QA_DYN_39480,Lim Doyeon,qa.dyn.inst.39480.398598@yopmail.com,포스코홀딩스(주)
QA_DYN_39481,Kim Minsoo,qa.dyn.inst.39481.551593@yopmail.com,삼성전자(주)
QA_DYN_39482,Lee Jiyoon,qa.dyn.inst.39482.292820@yopmail.com,LG전자(주)
QA_DYN_39483,Park Hyunwoo,qa.dyn.inst.39483.266770@yopmail.com,SK하이닉스(주)
QA_DYN_39484,Choi Aram,qa.dyn.inst.39484.786392@yopmail.com,현대자동차(주)
QA_DYN_39485,Jung Sora,qa.dyn.inst.39485.542387@yopmail.com,롯데케미칼(주)
QA_DYN_39486,Kim Minsoo,qa.dyn.inst.39486.456687@yopmail.com,삼성전자(주)
QA_DYN_39487,Wěi Wáng,qa.dyn.inst.39487.562979@yopmail.com,카카오(주)
QA_DYN_39488,Han Yerin,qa.dyn.inst.39488.613496@yopmail.com,네이버(주)
QA_DYN_39489,No Company User,qa.dyn.inst.39489.642849@yopmail.com,LG전자(주)
QA_DYN_39490,Lim Doyeon,qa.dyn.inst.39490.335049@yopmail.com,포스코홀딩스(주)
QA_DYN_39491,Kim Minsoo,qa.dyn.inst.39491.752040@yopmail.com,삼성전자(주)
QA_DYN_39492,Lee Jiyoon,qa.dyn.inst.39492.621276@yopmail.com,LG전자(주)
QA_DYN_39493,Park Hyunwoo,qa.dyn.inst.39493.300466@yopmail.com,SK하이닉스(주)
QA_DYN_39494,Choi Aram,qa.dyn.inst.39494.247382@yopmail.com,현대자동차(주)
QA_DYN_39495,Jung Sora,qa.dyn.inst.39495.145281@yopmail.com,롯데케미칼(주)
QA_DYN_39496,Kim Minsoo,qa.dyn.inst.39496.726902@yopmail.com,삼성전자(주)
QA_DYN_39497,Wěi Wáng,qa.dyn.inst.39497.479818@yopmail.com,카카오(주)
QA_DYN_39498,Han Yerin,qa.dyn.inst.39498.949710@yopmail.com,네이버(주)
QA_DYN_39499,No Company User,qa.dyn.inst.39499.475493@yopmail.com,LG전자(주)
QA_DYN_39500,Lim Doyeon,qa.dyn.inst.39500.699518@yopmail.com,포스코홀딩스(주)
QA_DYN_39501,Kim Minsoo,qa.dyn.inst.39501.545137@yopmail.com,삼성전자(주)
QA_DYN_39502,Lee Jiyoon,qa.dyn.inst.39502.773297@yopmail.com,LG전자(주)
QA_DYN_39503,Park Hyunwoo,qa.dyn.inst.39503.540078@yopmail.com,SK하이닉스(주)
QA_DYN_39504,Choi Aram,qa.dyn.inst.39504.906000@yopmail.com,현대자동차(주)
QA_DYN_39505,Jung Sora,qa.dyn.inst.39505.155019@yopmail.com,롯데케미칼(주)
QA_DYN_39506,Kim Minsoo,qa.dyn.inst.39506.296734@yopmail.com,삼성전자(주)
QA_DYN_39507,Wěi Wáng,qa.dyn.inst.39507.531473@yopmail.com,카카오(주)
QA_DYN_39508,Han Yerin,qa.dyn.inst.39508.281159@yopmail.com,네이버(주)
QA_DYN_39509,No Company User,qa.dyn.inst.39509.786598@yopmail.com,LG전자(주)
QA_DYN_39510,Lim Doyeon,qa.dyn.inst.39510.182841@yopmail.com,포스코홀딩스(주)
QA_DYN_39511,Kim Minsoo,qa.dyn.inst.39511.145482@yopmail.com,삼성전자(주)
QA_DYN_39512,Lee Jiyoon,qa.dyn.inst.39512.294719@yopmail.com,LG전자(주)
QA_DYN_39513,Park Hyunwoo,qa.dyn.inst.39513.786292@yopmail.com,SK하이닉스(주)
QA_DYN_39514,Choi Aram,qa.dyn.inst.39514.592853@yopmail.com,현대자동차(주)
QA_DYN_39515,Jung Sora,qa.dyn.inst.39515.138396@yopmail.com,롯데케미칼(주)
QA_DYN_39516,Kim Minsoo,qa.dyn.inst.39516.503594@yopmail.com,삼성전자(주)
QA_DYN_39517,Wěi Wáng,qa.dyn.inst.39517.943671@yopmail.com,카카오(주)
QA_DYN_39518,Han Yerin,qa.dyn.inst.39518.829385@yopmail.com,네이버(주)
QA_DYN_39519,No Company User,qa.dyn.inst.39519.579557@yopmail.com,LG전자(주)
QA_DYN_39520,Lim Doyeon,qa.dyn.inst.39520.763337@yopmail.com,포스코홀딩스(주)
QA_DYN_39521,Kim Minsoo,qa.dyn.inst.39521.126784@yopmail.com,삼성전자(주)
QA_DYN_39522,Lee Jiyoon,qa.dyn.inst.39522.407064@yopmail.com,LG전자(주)
QA_DYN_39523,Park Hyunwoo,qa.dyn.inst.39523.745371@yopmail.com,SK하이닉스(주)
QA_DYN_39524,Choi Aram,qa.dyn.inst.39524.143188@yopmail.com,현대자동차(주)
QA_DYN_39525,Jung Sora,qa.dyn.inst.39525.551509@yopmail.com,롯데케미칼(주)
QA_DYN_39526,Kim Minsoo,qa.dyn.inst.39526.230963@yopmail.com,삼성전자(주)
QA_DYN_39527,Wěi Wáng,qa.dyn.inst.39527.976018@yopmail.com,카카오(주)
QA_DYN_39528,Han Yerin,qa.dyn.inst.39528.950928@yopmail.com,네이버(주)
QA_DYN_39529,No Company User,qa.dyn.inst.39529.528770@yopmail.com,LG전자(주)
QA_DYN_39530,Lim Doyeon,qa.dyn.inst.39530.275870@yopmail.com,포스코홀딩스(주)
QA_DYN_39531,Kim Minsoo,qa.dyn.inst.39531.640815@yopmail.com,삼성전자(주)
QA_DYN_39532,Lee Jiyoon,qa.dyn.inst.39532.866574@yopmail.com,LG전자(주)
QA_DYN_39533,Park Hyunwoo,qa.dyn.inst.39533.382994@yopmail.com,SK하이닉스(주)
QA_DYN_39534,Choi Aram,qa.dyn.inst.39534.458415@yopmail.com,현대자동차(주)
QA_DYN_39535,Jung Sora,qa.dyn.inst.39535.657336@yopmail.com,롯데케미칼(주)
QA_DYN_39536,Kim Minsoo,qa.dyn.inst.39536.986610@yopmail.com,삼성전자(주)
QA_DYN_39537,Wěi Wáng,qa.dyn.inst.39537.624655@yopmail.com,카카오(주)
QA_DYN_39538,Han Yerin,qa.dyn.inst.39538.314715@yopmail.com,네이버(주)
QA_DYN_39539,No Company User,qa.dyn.inst.39539.310723@yopmail.com,LG전자(주)
QA_DYN_39540,Lim Doyeon,qa.dyn.inst.39540.176855@yopmail.com,포스코홀딩스(주)
QA_DYN_39541,Kim Minsoo,qa.dyn.inst.39541.697558@yopmail.com,삼성전자(주)
QA_DYN_39542,Lee Jiyoon,qa.dyn.inst.39542.791428@yopmail.com,LG전자(주)
QA_DYN_39543,Park Hyunwoo,qa.dyn.inst.39543.978737@yopmail.com,SK하이닉스(주)
QA_DYN_39544,Choi Aram,qa.dyn.inst.39544.340880@yopmail.com,현대자동차(주)
QA_DYN_39545,Jung Sora,qa.dyn.inst.39545.812276@yopmail.com,롯데케미칼(주)
QA_DYN_39546,Kim Minsoo,qa.dyn.inst.39546.290909@yopmail.com,삼성전자(주)
QA_DYN_39547,Wěi Wáng,qa.dyn.inst.39547.596610@yopmail.com,카카오(주)
QA_DYN_39548,Han Yerin,qa.dyn.inst.39548.733644@yopmail.com,네이버(주)
QA_DYN_39549,No Company User,qa.dyn.inst.39549.482130@yopmail.com,LG전자(주)
QA_DYN_39550,Lim Doyeon,qa.dyn.inst.39550.727155@yopmail.com,포스코홀딩스(주)
QA_DYN_39551,Kim Minsoo,qa.dyn.inst.39551.543867@yopmail.com,삼성전자(주)
QA_DYN_39552,Lee Jiyoon,qa.dyn.inst.39552.693504@yopmail.com,LG전자(주)
QA_DYN_39553,Park Hyunwoo,qa.dyn.inst.39553.833147@yopmail.com,SK하이닉스(주)
QA_DYN_39554,Choi Aram,qa.dyn.inst.39554.288618@yopmail.com,현대자동차(주)
QA_DYN_39555,Jung Sora,qa.dyn.inst.39555.587478@yopmail.com,롯데케미칼(주)
QA_DYN_39556,Kim Minsoo,qa.dyn.inst.39556.532284@yopmail.com,삼성전자(주)
QA_DYN_39557,Wěi Wáng,qa.dyn.inst.39557.997873@yopmail.com,카카오(주)
QA_DYN_39558,Han Yerin,qa.dyn.inst.39558.277975@yopmail.com,네이버(주)
QA_DYN_39559,No Company User,qa.dyn.inst.39559.631182@yopmail.com,LG전자(주)
QA_DYN_39560,Lim Doyeon,qa.dyn.inst.39560.446194@yopmail.com,포스코홀딩스(주)
QA_DYN_39561,Kim Minsoo,qa.dyn.inst.39561.828468@yopmail.com,삼성전자(주)
QA_DYN_39562,Lee Jiyoon,qa.dyn.inst.39562.549682@yopmail.com,LG전자(주)
QA_DYN_39563,Park Hyunwoo,qa.dyn.inst.39563.589939@yopmail.com,SK하이닉스(주)
QA_DYN_39564,Choi Aram,qa.dyn.inst.39564.884286@yopmail.com,현대자동차(주)
QA_DYN_39565,Jung Sora,qa.dyn.inst.39565.319387@yopmail.com,롯데케미칼(주)
QA_DYN_39566,Kim Minsoo,qa.dyn.inst.39566.874269@yopmail.com,삼성전자(주)
QA_DYN_39567,Wěi Wáng,qa.dyn.inst.39567.916183@yopmail.com,카카오(주)
QA_DYN_39568,Han Yerin,qa.dyn.inst.39568.501662@yopmail.com,네이버(주)
QA_DYN_39569,No Company User,qa.dyn.inst.39569.152715@yopmail.com,LG전자(주)
QA_DYN_39570,Lim Doyeon,qa.dyn.inst.39570.501416@yopmail.com,포스코홀딩스(주)
QA_DYN_39571,Kim Minsoo,qa.dyn.inst.39571.101277@yopmail.com,삼성전자(주)
QA_DYN_39572,Lee Jiyoon,qa.dyn.inst.39572.437584@yopmail.com,LG전자(주)
QA_DYN_39573,Park Hyunwoo,qa.dyn.inst.39573.855251@yopmail.com,SK하이닉스(주)
QA_DYN_39574,Choi Aram,qa.dyn.inst.39574.631752@yopmail.com,현대자동차(주)
QA_DYN_39575,Jung Sora,qa.dyn.inst.39575.457854@yopmail.com,롯데케미칼(주)
QA_DYN_39576,Kim Minsoo,qa.dyn.inst.39576.889040@yopmail.com,삼성전자(주)
QA_DYN_39577,Wěi Wáng,qa.dyn.inst.39577.881180@yopmail.com,카카오(주)
QA_DYN_39578,Han Yerin,qa.dyn.inst.39578.884705@yopmail.com,네이버(주)
QA_DYN_39579,No Company User,qa.dyn.inst.39579.204479@yopmail.com,LG전자(주)
QA_DYN_39580,Lim Doyeon,qa.dyn.inst.39580.267862@yopmail.com,포스코홀딩스(주)
QA_DYN_39581,Kim Minsoo,qa.dyn.inst.39581.771696@yopmail.com,삼성전자(주)
QA_DYN_39582,Lee Jiyoon,qa.dyn.inst.39582.853904@yopmail.com,LG전자(주)
QA_DYN_39583,Park Hyunwoo,qa.dyn.inst.39583.720636@yopmail.com,SK하이닉스(주)
QA_DYN_39584,Choi Aram,qa.dyn.inst.39584.199219@yopmail.com,현대자동차(주)
QA_DYN_39585,Jung Sora,qa.dyn.inst.39585.877690@yopmail.com,롯데케미칼(주)
QA_DYN_39586,Kim Minsoo,qa.dyn.inst.39586.633870@yopmail.com,삼성전자(주)
QA_DYN_39587,Wěi Wáng,qa.dyn.inst.39587.947391@yopmail.com,카카오(주)
QA_DYN_39588,Han Yerin,qa.dyn.inst.39588.655286@yopmail.com,네이버(주)
QA_DYN_39589,No Company User,qa.dyn.inst.39589.522873@yopmail.com,LG전자(주)
QA_DYN_39590,Lim Doyeon,qa.dyn.inst.39590.506985@yopmail.com,포스코홀딩스(주)
QA_DYN_39591,Kim Minsoo,qa.dyn.inst.39591.550798@yopmail.com,삼성전자(주)
QA_DYN_39592,Lee Jiyoon,qa.dyn.inst.39592.349933@yopmail.com,LG전자(주)
QA_DYN_39593,Park Hyunwoo,qa.dyn.inst.39593.559265@yopmail.com,SK하이닉스(주)
QA_DYN_39594,Choi Aram,qa.dyn.inst.39594.455785@yopmail.com,현대자동차(주)
QA_DYN_39595,Jung Sora,qa.dyn.inst.39595.976998@yopmail.com,롯데케미칼(주)
QA_DYN_39596,Kim Minsoo,qa.dyn.inst.39596.224166@yopmail.com,삼성전자(주)
QA_DYN_39597,Wěi Wáng,qa.dyn.inst.39597.861678@yopmail.com,카카오(주)
QA_DYN_39598,Han Yerin,qa.dyn.inst.39598.387020@yopmail.com,네이버(주)
QA_DYN_39599,No Company User,qa.dyn.inst.39599.434999@yopmail.com,LG전자(주)
QA_DYN_39600,Lim Doyeon,qa.dyn.inst.39600.307606@yopmail.com,포스코홀딩스(주)
QA_DYN_39601,Kim Minsoo,qa.dyn.inst.39601.626210@yopmail.com,삼성전자(주)
QA_DYN_39602,Lee Jiyoon,qa.dyn.inst.39602.763191@yopmail.com,LG전자(주)
QA_DYN_39603,Park Hyunwoo,qa.dyn.inst.39603.763524@yopmail.com,SK하이닉스(주)
QA_DYN_39604,Choi Aram,qa.dyn.inst.39604.612653@yopmail.com,현대자동차(주)
QA_DYN_39605,Jung Sora,qa.dyn.inst.39605.928390@yopmail.com,롯데케미칼(주)
QA_DYN_39606,Kim Minsoo,qa.dyn.inst.39606.637884@yopmail.com,삼성전자(주)
QA_DYN_39607,Wěi Wáng,qa.dyn.inst.39607.714570@yopmail.com,카카오(주)
QA_DYN_39608,Han Yerin,qa.dyn.inst.39608.354802@yopmail.com,네이버(주)
QA_DYN_39609,No Company User,qa.dyn.inst.39609.788588@yopmail.com,LG전자(주)
QA_DYN_39610,Lim Doyeon,qa.dyn.inst.39610.972815@yopmail.com,포스코홀딩스(주)
QA_DYN_39611,Kim Minsoo,qa.dyn.inst.39611.165929@yopmail.com,삼성전자(주)
QA_DYN_39612,Lee Jiyoon,qa.dyn.inst.39612.592207@yopmail.com,LG전자(주)
QA_DYN_39613,Park Hyunwoo,qa.dyn.inst.39613.691015@yopmail.com,SK하이닉스(주)
QA_DYN_39614,Choi Aram,qa.dyn.inst.39614.644612@yopmail.com,현대자동차(주)
QA_DYN_39615,Jung Sora,qa.dyn.inst.39615.417294@yopmail.com,롯데케미칼(주)
QA_DYN_39616,Kim Minsoo,qa.dyn.inst.39616.395759@yopmail.com,삼성전자(주)
QA_DYN_39617,Wěi Wáng,qa.dyn.inst.39617.191513@yopmail.com,카카오(주)
QA_DYN_39618,Han Yerin,qa.dyn.inst.39618.727277@yopmail.com,네이버(주)
QA_DYN_39619,No Company User,qa.dyn.inst.39619.565817@yopmail.com,LG전자(주)
QA_DYN_39620,Lim Doyeon,qa.dyn.inst.39620.933549@yopmail.com,포스코홀딩스(주)
QA_DYN_39621,Kim Minsoo,qa.dyn.inst.39621.927158@yopmail.com,삼성전자(주)
QA_DYN_39622,Lee Jiyoon,qa.dyn.inst.39622.279878@yopmail.com,LG전자(주)
QA_DYN_39623,Park Hyunwoo,qa.dyn.inst.39623.156951@yopmail.com,SK하이닉스(주)
QA_DYN_39624,Choi Aram,qa.dyn.inst.39624.248785@yopmail.com,현대자동차(주)
QA_DYN_39625,Jung Sora,qa.dyn.inst.39625.270566@yopmail.com,롯데케미칼(주)
QA_DYN_39626,Kim Minsoo,qa.dyn.inst.39626.598608@yopmail.com,삼성전자(주)
QA_DYN_39627,Wěi Wáng,qa.dyn.inst.39627.593107@yopmail.com,카카오(주)
QA_DYN_39628,Han Yerin,qa.dyn.inst.39628.499849@yopmail.com,네이버(주)
QA_DYN_39629,No Company User,qa.dyn.inst.39629.944040@yopmail.com,LG전자(주)
QA_DYN_39630,Lim Doyeon,qa.dyn.inst.39630.895126@yopmail.com,포스코홀딩스(주)
QA_DYN_39631,Kim Minsoo,qa.dyn.inst.39631.407260@yopmail.com,삼성전자(주)
QA_DYN_39632,Lee Jiyoon,qa.dyn.inst.39632.202984@yopmail.com,LG전자(주)
QA_DYN_39633,Park Hyunwoo,qa.dyn.inst.39633.627788@yopmail.com,SK하이닉스(주)
QA_DYN_39634,Choi Aram,qa.dyn.inst.39634.694926@yopmail.com,현대자동차(주)
QA_DYN_39635,Jung Sora,qa.dyn.inst.39635.758051@yopmail.com,롯데케미칼(주)
QA_DYN_39636,Kim Minsoo,qa.dyn.inst.39636.410951@yopmail.com,삼성전자(주)
QA_DYN_39637,Wěi Wáng,qa.dyn.inst.39637.657630@yopmail.com,카카오(주)
QA_DYN_39638,Han Yerin,qa.dyn.inst.39638.453259@yopmail.com,네이버(주)
QA_DYN_39639,No Company User,qa.dyn.inst.39639.615677@yopmail.com,LG전자(주)
QA_DYN_39640,Lim Doyeon,qa.dyn.inst.39640.412889@yopmail.com,포스코홀딩스(주)
QA_DYN_39641,Kim Minsoo,qa.dyn.inst.39641.940297@yopmail.com,삼성전자(주)
QA_DYN_39642,Lee Jiyoon,qa.dyn.inst.39642.460792@yopmail.com,LG전자(주)
QA_DYN_39643,Park Hyunwoo,qa.dyn.inst.39643.827380@yopmail.com,SK하이닉스(주)
QA_DYN_39644,Choi Aram,qa.dyn.inst.39644.420298@yopmail.com,현대자동차(주)
QA_DYN_39645,Jung Sora,qa.dyn.inst.39645.204085@yopmail.com,롯데케미칼(주)
QA_DYN_39646,Kim Minsoo,qa.dyn.inst.39646.705550@yopmail.com,삼성전자(주)
QA_DYN_39647,Wěi Wáng,qa.dyn.inst.39647.965562@yopmail.com,카카오(주)
QA_DYN_39648,Han Yerin,qa.dyn.inst.39648.280090@yopmail.com,네이버(주)
QA_DYN_39649,No Company User,qa.dyn.inst.39649.272758@yopmail.com,LG전자(주)
QA_DYN_39650,Lim Doyeon,qa.dyn.inst.39650.982079@yopmail.com,포스코홀딩스(주)
QA_DYN_39651,Kim Minsoo,qa.dyn.inst.39651.132859@yopmail.com,삼성전자(주)
QA_DYN_39652,Lee Jiyoon,qa.dyn.inst.39652.546357@yopmail.com,LG전자(주)
QA_DYN_39653,Park Hyunwoo,qa.dyn.inst.39653.640579@yopmail.com,SK하이닉스(주)
QA_DYN_39654,Choi Aram,qa.dyn.inst.39654.751566@yopmail.com,현대자동차(주)
QA_DYN_39655,Jung Sora,qa.dyn.inst.39655.230936@yopmail.com,롯데케미칼(주)
QA_DYN_39656,Kim Minsoo,qa.dyn.inst.39656.856291@yopmail.com,삼성전자(주)
QA_DYN_39657,Wěi Wáng,qa.dyn.inst.39657.263707@yopmail.com,카카오(주)
QA_DYN_39658,Han Yerin,qa.dyn.inst.39658.643704@yopmail.com,네이버(주)
QA_DYN_39659,No Company User,qa.dyn.inst.39659.170231@yopmail.com,LG전자(주)
QA_DYN_39660,Lim Doyeon,qa.dyn.inst.39660.133381@yopmail.com,포스코홀딩스(주)
QA_DYN_39661,Kim Minsoo,qa.dyn.inst.39661.956989@yopmail.com,삼성전자(주)
QA_DYN_39662,Lee Jiyoon,qa.dyn.inst.39662.895824@yopmail.com,LG전자(주)
QA_DYN_39663,Park Hyunwoo,qa.dyn.inst.39663.729900@yopmail.com,SK하이닉스(주)
QA_DYN_39664,Choi Aram,qa.dyn.inst.39664.657474@yopmail.com,현대자동차(주)
QA_DYN_39665,Jung Sora,qa.dyn.inst.39665.137180@yopmail.com,롯데케미칼(주)
QA_DYN_39666,Kim Minsoo,qa.dyn.inst.39666.597080@yopmail.com,삼성전자(주)
QA_DYN_39667,Wěi Wáng,qa.dyn.inst.39667.899275@yopmail.com,카카오(주)
QA_DYN_39668,Han Yerin,qa.dyn.inst.39668.697097@yopmail.com,네이버(주)
QA_DYN_39669,No Company User,qa.dyn.inst.39669.952053@yopmail.com,LG전자(주)
QA_DYN_39670,Lim Doyeon,qa.dyn.inst.39670.215817@yopmail.com,포스코홀딩스(주)
QA_DYN_39671,Kim Minsoo,qa.dyn.inst.39671.981763@yopmail.com,삼성전자(주)
QA_DYN_39672,Lee Jiyoon,qa.dyn.inst.39672.870576@yopmail.com,LG전자(주)
QA_DYN_39673,Park Hyunwoo,qa.dyn.inst.39673.665106@yopmail.com,SK하이닉스(주)
QA_DYN_39674,Choi Aram,qa.dyn.inst.39674.829867@yopmail.com,현대자동차(주)
QA_DYN_39675,Jung Sora,qa.dyn.inst.39675.968110@yopmail.com,롯데케미칼(주)
QA_DYN_39676,Kim Minsoo,qa.dyn.inst.39676.796460@yopmail.com,삼성전자(주)
QA_DYN_39677,Wěi Wáng,qa.dyn.inst.39677.357864@yopmail.com,카카오(주)
QA_DYN_39678,Han Yerin,qa.dyn.inst.39678.209700@yopmail.com,네이버(주)
QA_DYN_39679,No Company User,qa.dyn.inst.39679.198002@yopmail.com,LG전자(주)
QA_DYN_39680,Lim Doyeon,qa.dyn.inst.39680.764418@yopmail.com,포스코홀딩스(주)
QA_DYN_39681,Kim Minsoo,qa.dyn.inst.39681.213343@yopmail.com,삼성전자(주)
QA_DYN_39682,Lee Jiyoon,qa.dyn.inst.39682.283642@yopmail.com,LG전자(주)
QA_DYN_39683,Park Hyunwoo,qa.dyn.inst.39683.547425@yopmail.com,SK하이닉스(주)
QA_DYN_39684,Choi Aram,qa.dyn.inst.39684.573430@yopmail.com,현대자동차(주)
QA_DYN_39685,Jung Sora,qa.dyn.inst.39685.628831@yopmail.com,롯데케미칼(주)
QA_DYN_39686,Kim Minsoo,qa.dyn.inst.39686.288961@yopmail.com,삼성전자(주)
QA_DYN_39687,Wěi Wáng,qa.dyn.inst.39687.249508@yopmail.com,카카오(주)
QA_DYN_39688,Han Yerin,qa.dyn.inst.39688.733780@yopmail.com,네이버(주)
QA_DYN_39689,No Company User,qa.dyn.inst.39689.842139@yopmail.com,LG전자(주)
QA_DYN_39690,Lim Doyeon,qa.dyn.inst.39690.187517@yopmail.com,포스코홀딩스(주)
QA_DYN_39691,Kim Minsoo,qa.dyn.inst.39691.212311@yopmail.com,삼성전자(주)
QA_DYN_39692,Lee Jiyoon,qa.dyn.inst.39692.422546@yopmail.com,LG전자(주)
QA_DYN_39693,Park Hyunwoo,qa.dyn.inst.39693.872427@yopmail.com,SK하이닉스(주)
QA_DYN_39694,Choi Aram,qa.dyn.inst.39694.592059@yopmail.com,현대자동차(주)
QA_DYN_39695,Jung Sora,qa.dyn.inst.39695.552477@yopmail.com,롯데케미칼(주)
QA_DYN_39696,Kim Minsoo,qa.dyn.inst.39696.869731@yopmail.com,삼성전자(주)
QA_DYN_39697,Wěi Wáng,qa.dyn.inst.39697.296537@yopmail.com,카카오(주)
QA_DYN_39698,Han Yerin,qa.dyn.inst.39698.916510@yopmail.com,네이버(주)
QA_DYN_39699,No Company User,qa.dyn.inst.39699.255477@yopmail.com,LG전자(주)
QA_DYN_39700,Lim Doyeon,qa.dyn.inst.39700.353957@yopmail.com,포스코홀딩스(주)
QA_DYN_39701,Kim Minsoo,qa.dyn.inst.39701.847175@yopmail.com,삼성전자(주)
QA_DYN_39702,Lee Jiyoon,qa.dyn.inst.39702.524209@yopmail.com,LG전자(주)
QA_DYN_39703,Park Hyunwoo,qa.dyn.inst.39703.561317@yopmail.com,SK하이닉스(주)
QA_DYN_39704,Choi Aram,qa.dyn.inst.39704.778182@yopmail.com,현대자동차(주)
QA_DYN_39705,Jung Sora,qa.dyn.inst.39705.596532@yopmail.com,롯데케미칼(주)
QA_DYN_39706,Kim Minsoo,qa.dyn.inst.39706.413983@yopmail.com,삼성전자(주)
QA_DYN_39707,Wěi Wáng,qa.dyn.inst.39707.238424@yopmail.com,카카오(주)
QA_DYN_39708,Han Yerin,qa.dyn.inst.39708.687889@yopmail.com,네이버(주)
QA_DYN_39709,No Company User,qa.dyn.inst.39709.346657@yopmail.com,LG전자(주)
QA_DYN_39710,Lim Doyeon,qa.dyn.inst.39710.435740@yopmail.com,포스코홀딩스(주)
QA_DYN_39711,Kim Minsoo,qa.dyn.inst.39711.667961@yopmail.com,삼성전자(주)
QA_DYN_39712,Lee Jiyoon,qa.dyn.inst.39712.379840@yopmail.com,LG전자(주)
QA_DYN_39713,Park Hyunwoo,qa.dyn.inst.39713.711343@yopmail.com,SK하이닉스(주)
QA_DYN_39714,Choi Aram,qa.dyn.inst.39714.914509@yopmail.com,현대자동차(주)
QA_DYN_39715,Jung Sora,qa.dyn.inst.39715.386663@yopmail.com,롯데케미칼(주)
QA_DYN_39716,Kim Minsoo,qa.dyn.inst.39716.631255@yopmail.com,삼성전자(주)
QA_DYN_39717,Wěi Wáng,qa.dyn.inst.39717.966844@yopmail.com,카카오(주)
QA_DYN_39718,Han Yerin,qa.dyn.inst.39718.593881@yopmail.com,네이버(주)
QA_DYN_39719,No Company User,qa.dyn.inst.39719.392922@yopmail.com,LG전자(주)
QA_DYN_39720,Lim Doyeon,qa.dyn.inst.39720.243188@yopmail.com,포스코홀딩스(주)
QA_DYN_39721,Kim Minsoo,qa.dyn.inst.39721.535560@yopmail.com,삼성전자(주)
QA_DYN_39722,Lee Jiyoon,qa.dyn.inst.39722.288722@yopmail.com,LG전자(주)
QA_DYN_39723,Park Hyunwoo,qa.dyn.inst.39723.508018@yopmail.com,SK하이닉스(주)
QA_DYN_39724,Choi Aram,qa.dyn.inst.39724.601205@yopmail.com,현대자동차(주)
QA_DYN_39725,Jung Sora,qa.dyn.inst.39725.485363@yopmail.com,롯데케미칼(주)
QA_DYN_39726,Kim Minsoo,qa.dyn.inst.39726.548323@yopmail.com,삼성전자(주)
QA_DYN_39727,Wěi Wáng,qa.dyn.inst.39727.792699@yopmail.com,카카오(주)
QA_DYN_39728,Han Yerin,qa.dyn.inst.39728.396442@yopmail.com,네이버(주)
QA_DYN_39729,No Company User,qa.dyn.inst.39729.457167@yopmail.com,LG전자(주)
QA_DYN_39730,Lim Doyeon,qa.dyn.inst.39730.865237@yopmail.com,포스코홀딩스(주)
QA_DYN_39731,Kim Minsoo,qa.dyn.inst.39731.131083@yopmail.com,삼성전자(주)
QA_DYN_39732,Lee Jiyoon,qa.dyn.inst.39732.395645@yopmail.com,LG전자(주)
QA_DYN_39733,Park Hyunwoo,qa.dyn.inst.39733.386115@yopmail.com,SK하이닉스(주)
QA_DYN_39734,Choi Aram,qa.dyn.inst.39734.742010@yopmail.com,현대자동차(주)
QA_DYN_39735,Jung Sora,qa.dyn.inst.39735.882823@yopmail.com,롯데케미칼(주)
QA_DYN_39736,Kim Minsoo,qa.dyn.inst.39736.124361@yopmail.com,삼성전자(주)
QA_DYN_39737,Wěi Wáng,qa.dyn.inst.39737.338453@yopmail.com,카카오(주)
QA_DYN_39738,Han Yerin,qa.dyn.inst.39738.188728@yopmail.com,네이버(주)
QA_DYN_39739,No Company User,qa.dyn.inst.39739.467873@yopmail.com,LG전자(주)
QA_DYN_39740,Lim Doyeon,qa.dyn.inst.39740.835431@yopmail.com,포스코홀딩스(주)
QA_DYN_39741,Kim Minsoo,qa.dyn.inst.39741.257837@yopmail.com,삼성전자(주)
QA_DYN_39742,Lee Jiyoon,qa.dyn.inst.39742.770725@yopmail.com,LG전자(주)
QA_DYN_39743,Park Hyunwoo,qa.dyn.inst.39743.996149@yopmail.com,SK하이닉스(주)
QA_DYN_39744,Choi Aram,qa.dyn.inst.39744.768101@yopmail.com,현대자동차(주)
QA_DYN_39745,Jung Sora,qa.dyn.inst.39745.824339@yopmail.com,롯데케미칼(주)
QA_DYN_39746,Kim Minsoo,qa.dyn.inst.39746.818479@yopmail.com,삼성전자(주)
QA_DYN_39747,Wěi Wáng,qa.dyn.inst.39747.172242@yopmail.com,카카오(주)
QA_DYN_39748,Han Yerin,qa.dyn.inst.39748.176955@yopmail.com,네이버(주)
QA_DYN_39749,No Company User,qa.dyn.inst.39749.486148@yopmail.com,LG전자(주)
QA_DYN_39750,Lim Doyeon,qa.dyn.inst.39750.510151@yopmail.com,포스코홀딩스(주)
QA_DYN_39751,Kim Minsoo,qa.dyn.inst.39751.430760@yopmail.com,삼성전자(주)
QA_DYN_39752,Lee Jiyoon,qa.dyn.inst.39752.542209@yopmail.com,LG전자(주)
QA_DYN_39753,Park Hyunwoo,qa.dyn.inst.39753.556708@yopmail.com,SK하이닉스(주)
QA_DYN_39754,Choi Aram,qa.dyn.inst.39754.251067@yopmail.com,현대자동차(주)
QA_DYN_39755,Jung Sora,qa.dyn.inst.39755.803937@yopmail.com,롯데케미칼(주)
QA_DYN_39756,Kim Minsoo,qa.dyn.inst.39756.331894@yopmail.com,삼성전자(주)
QA_DYN_39757,Wěi Wáng,qa.dyn.inst.39757.382237@yopmail.com,카카오(주)
QA_DYN_39758,Han Yerin,qa.dyn.inst.39758.118337@yopmail.com,네이버(주)
QA_DYN_39759,No Company User,qa.dyn.inst.39759.574375@yopmail.com,LG전자(주)
QA_DYN_39760,Lim Doyeon,qa.dyn.inst.39760.343285@yopmail.com,포스코홀딩스(주)
QA_DYN_39761,Kim Minsoo,qa.dyn.inst.39761.692051@yopmail.com,삼성전자(주)
QA_DYN_39762,Lee Jiyoon,qa.dyn.inst.39762.194046@yopmail.com,LG전자(주)
QA_DYN_39763,Park Hyunwoo,qa.dyn.inst.39763.415385@yopmail.com,SK하이닉스(주)
QA_DYN_39764,Choi Aram,qa.dyn.inst.39764.126249@yopmail.com,현대자동차(주)
QA_DYN_39765,Jung Sora,qa.dyn.inst.39765.702731@yopmail.com,롯데케미칼(주)
QA_DYN_39766,Kim Minsoo,qa.dyn.inst.39766.681286@yopmail.com,삼성전자(주)
QA_DYN_39767,Wěi Wáng,qa.dyn.inst.39767.363203@yopmail.com,카카오(주)
QA_DYN_39768,Han Yerin,qa.dyn.inst.39768.262094@yopmail.com,네이버(주)
QA_DYN_39769,No Company User,qa.dyn.inst.39769.433494@yopmail.com,LG전자(주)
QA_DYN_39770,Lim Doyeon,qa.dyn.inst.39770.490649@yopmail.com,포스코홀딩스(주)
QA_DYN_39771,Kim Minsoo,qa.dyn.inst.39771.993351@yopmail.com,삼성전자(주)
QA_DYN_39772,Lee Jiyoon,qa.dyn.inst.39772.493051@yopmail.com,LG전자(주)
QA_DYN_39773,Park Hyunwoo,qa.dyn.inst.39773.414990@yopmail.com,SK하이닉스(주)
QA_DYN_39774,Choi Aram,qa.dyn.inst.39774.808930@yopmail.com,현대자동차(주)
QA_DYN_39775,Jung Sora,qa.dyn.inst.39775.435950@yopmail.com,롯데케미칼(주)
QA_DYN_39776,Kim Minsoo,qa.dyn.inst.39776.828417@yopmail.com,삼성전자(주)
QA_DYN_39777,Wěi Wáng,qa.dyn.inst.39777.104634@yopmail.com,카카오(주)
QA_DYN_39778,Han Yerin,qa.dyn.inst.39778.843276@yopmail.com,네이버(주)
QA_DYN_39779,No Company User,qa.dyn.inst.39779.681289@yopmail.com,LG전자(주)
QA_DYN_39780,Lim Doyeon,qa.dyn.inst.39780.525214@yopmail.com,포스코홀딩스(주)
QA_DYN_39781,Kim Minsoo,qa.dyn.inst.39781.433455@yopmail.com,삼성전자(주)
QA_DYN_39782,Lee Jiyoon,qa.dyn.inst.39782.974734@yopmail.com,LG전자(주)
QA_DYN_39783,Park Hyunwoo,qa.dyn.inst.39783.966949@yopmail.com,SK하이닉스(주)
QA_DYN_39784,Choi Aram,qa.dyn.inst.39784.422681@yopmail.com,현대자동차(주)
QA_DYN_39785,Jung Sora,qa.dyn.inst.39785.715807@yopmail.com,롯데케미칼(주)
QA_DYN_39786,Kim Minsoo,qa.dyn.inst.39786.821274@yopmail.com,삼성전자(주)
QA_DYN_39787,Wěi Wáng,qa.dyn.inst.39787.448708@yopmail.com,카카오(주)
QA_DYN_39788,Han Yerin,qa.dyn.inst.39788.546661@yopmail.com,네이버(주)
QA_DYN_39789,No Company User,qa.dyn.inst.39789.844352@yopmail.com,LG전자(주)
QA_DYN_39790,Lim Doyeon,qa.dyn.inst.39790.366108@yopmail.com,포스코홀딩스(주)
QA_DYN_39791,Kim Minsoo,qa.dyn.inst.39791.691841@yopmail.com,삼성전자(주)
QA_DYN_39792,Lee Jiyoon,qa.dyn.inst.39792.919422@yopmail.com,LG전자(주)
QA_DYN_39793,Park Hyunwoo,qa.dyn.inst.39793.819162@yopmail.com,SK하이닉스(주)
QA_DYN_39794,Choi Aram,qa.dyn.inst.39794.186213@yopmail.com,현대자동차(주)
QA_DYN_39795,Jung Sora,qa.dyn.inst.39795.113702@yopmail.com,롯데케미칼(주)
QA_DYN_39796,Kim Minsoo,qa.dyn.inst.39796.322876@yopmail.com,삼성전자(주)
QA_DYN_39797,Wěi Wáng,qa.dyn.inst.39797.905470@yopmail.com,카카오(주)
QA_DYN_39798,Han Yerin,qa.dyn.inst.39798.488936@yopmail.com,네이버(주)
QA_DYN_39799,No Company User,qa.dyn.inst.39799.764452@yopmail.com,LG전자(주)
QA_DYN_39800,Lim Doyeon,qa.dyn.inst.39800.472969@yopmail.com,포스코홀딩스(주)
QA_DYN_39801,Kim Minsoo,qa.dyn.inst.39801.489073@yopmail.com,삼성전자(주)
QA_DYN_39802,Lee Jiyoon,qa.dyn.inst.39802.278397@yopmail.com,LG전자(주)
QA_DYN_39803,Park Hyunwoo,qa.dyn.inst.39803.257810@yopmail.com,SK하이닉스(주)
QA_DYN_39804,Choi Aram,qa.dyn.inst.39804.486406@yopmail.com,현대자동차(주)
QA_DYN_39805,Jung Sora,qa.dyn.inst.39805.160975@yopmail.com,롯데케미칼(주)
QA_DYN_39806,Kim Minsoo,qa.dyn.inst.39806.684029@yopmail.com,삼성전자(주)
QA_DYN_39807,Wěi Wáng,qa.dyn.inst.39807.369912@yopmail.com,카카오(주)
QA_DYN_39808,Han Yerin,qa.dyn.inst.39808.913724@yopmail.com,네이버(주)
QA_DYN_39809,No Company User,qa.dyn.inst.39809.751734@yopmail.com,LG전자(주)
QA_DYN_39810,Lim Doyeon,qa.dyn.inst.39810.939220@yopmail.com,포스코홀딩스(주)
QA_DYN_39811,Kim Minsoo,qa.dyn.inst.39811.962254@yopmail.com,삼성전자(주)
QA_DYN_39812,Lee Jiyoon,qa.dyn.inst.39812.480864@yopmail.com,LG전자(주)
QA_DYN_39813,Park Hyunwoo,qa.dyn.inst.39813.860413@yopmail.com,SK하이닉스(주)
QA_DYN_39814,Choi Aram,qa.dyn.inst.39814.268162@yopmail.com,현대자동차(주)
QA_DYN_39815,Jung Sora,qa.dyn.inst.39815.811752@yopmail.com,롯데케미칼(주)
QA_DYN_39816,Kim Minsoo,qa.dyn.inst.39816.220709@yopmail.com,삼성전자(주)
QA_DYN_39817,Wěi Wáng,qa.dyn.inst.39817.732902@yopmail.com,카카오(주)
QA_DYN_39818,Han Yerin,qa.dyn.inst.39818.551899@yopmail.com,네이버(주)
QA_DYN_39819,No Company User,qa.dyn.inst.39819.794531@yopmail.com,LG전자(주)
QA_DYN_39820,Lim Doyeon,qa.dyn.inst.39820.883388@yopmail.com,포스코홀딩스(주)
QA_DYN_39821,Kim Minsoo,qa.dyn.inst.39821.688312@yopmail.com,삼성전자(주)
QA_DYN_39822,Lee Jiyoon,qa.dyn.inst.39822.774657@yopmail.com,LG전자(주)
QA_DYN_39823,Park Hyunwoo,qa.dyn.inst.39823.668489@yopmail.com,SK하이닉스(주)
QA_DYN_39824,Choi Aram,qa.dyn.inst.39824.308643@yopmail.com,현대자동차(주)
QA_DYN_39825,Jung Sora,qa.dyn.inst.39825.642513@yopmail.com,롯데케미칼(주)
QA_DYN_39826,Kim Minsoo,qa.dyn.inst.39826.550168@yopmail.com,삼성전자(주)
QA_DYN_39827,Wěi Wáng,qa.dyn.inst.39827.489461@yopmail.com,카카오(주)
QA_DYN_39828,Han Yerin,qa.dyn.inst.39828.628265@yopmail.com,네이버(주)
QA_DYN_39829,No Company User,qa.dyn.inst.39829.298967@yopmail.com,LG전자(주)
QA_DYN_39830,Lim Doyeon,qa.dyn.inst.39830.228458@yopmail.com,포스코홀딩스(주)
QA_DYN_39831,Kim Minsoo,qa.dyn.inst.39831.333263@yopmail.com,삼성전자(주)
QA_DYN_39832,Lee Jiyoon,qa.dyn.inst.39832.214596@yopmail.com,LG전자(주)
QA_DYN_39833,Park Hyunwoo,qa.dyn.inst.39833.490033@yopmail.com,SK하이닉스(주)
QA_DYN_39834,Choi Aram,qa.dyn.inst.39834.461327@yopmail.com,현대자동차(주)
QA_DYN_39835,Jung Sora,qa.dyn.inst.39835.152972@yopmail.com,롯데케미칼(주)
QA_DYN_39836,Kim Minsoo,qa.dyn.inst.39836.582099@yopmail.com,삼성전자(주)
QA_DYN_39837,Wěi Wáng,qa.dyn.inst.39837.770247@yopmail.com,카카오(주)
QA_DYN_39838,Han Yerin,qa.dyn.inst.39838.200726@yopmail.com,네이버(주)
QA_DYN_39839,No Company User,qa.dyn.inst.39839.996280@yopmail.com,LG전자(주)
QA_DYN_39840,Lim Doyeon,qa.dyn.inst.39840.903862@yopmail.com,포스코홀딩스(주)
QA_DYN_39841,Kim Minsoo,qa.dyn.inst.39841.634678@yopmail.com,삼성전자(주)
QA_DYN_39842,Lee Jiyoon,qa.dyn.inst.39842.649748@yopmail.com,LG전자(주)
QA_DYN_39843,Park Hyunwoo,qa.dyn.inst.39843.645778@yopmail.com,SK하이닉스(주)
QA_DYN_39844,Choi Aram,qa.dyn.inst.39844.345861@yopmail.com,현대자동차(주)
QA_DYN_39845,Jung Sora,qa.dyn.inst.39845.729413@yopmail.com,롯데케미칼(주)
QA_DYN_39846,Kim Minsoo,qa.dyn.inst.39846.343932@yopmail.com,삼성전자(주)
QA_DYN_39847,Wěi Wáng,qa.dyn.inst.39847.663235@yopmail.com,카카오(주)
QA_DYN_39848,Han Yerin,qa.dyn.inst.39848.314554@yopmail.com,네이버(주)
QA_DYN_39849,No Company User,qa.dyn.inst.39849.429308@yopmail.com,LG전자(주)
QA_DYN_39850,Lim Doyeon,qa.dyn.inst.39850.443907@yopmail.com,포스코홀딩스(주)
QA_DYN_39851,Kim Minsoo,qa.dyn.inst.39851.378756@yopmail.com,삼성전자(주)
QA_DYN_39852,Lee Jiyoon,qa.dyn.inst.39852.686105@yopmail.com,LG전자(주)
QA_DYN_39853,Park Hyunwoo,qa.dyn.inst.39853.561145@yopmail.com,SK하이닉스(주)
QA_DYN_39854,Choi Aram,qa.dyn.inst.39854.288628@yopmail.com,현대자동차(주)
QA_DYN_39855,Jung Sora,qa.dyn.inst.39855.498377@yopmail.com,롯데케미칼(주)
QA_DYN_39856,Kim Minsoo,qa.dyn.inst.39856.150460@yopmail.com,삼성전자(주)
QA_DYN_39857,Wěi Wáng,qa.dyn.inst.39857.750790@yopmail.com,카카오(주)
QA_DYN_39858,Han Yerin,qa.dyn.inst.39858.662892@yopmail.com,네이버(주)
QA_DYN_39859,No Company User,qa.dyn.inst.39859.179844@yopmail.com,LG전자(주)
QA_DYN_39860,Lim Doyeon,qa.dyn.inst.39860.119688@yopmail.com,포스코홀딩스(주)
QA_DYN_39861,Kim Minsoo,qa.dyn.inst.39861.103624@yopmail.com,삼성전자(주)
QA_DYN_39862,Lee Jiyoon,qa.dyn.inst.39862.631115@yopmail.com,LG전자(주)
QA_DYN_39863,Park Hyunwoo,qa.dyn.inst.39863.642366@yopmail.com,SK하이닉스(주)
QA_DYN_39864,Choi Aram,qa.dyn.inst.39864.390965@yopmail.com,현대자동차(주)
QA_DYN_39865,Jung Sora,qa.dyn.inst.39865.824920@yopmail.com,롯데케미칼(주)
QA_DYN_39866,Kim Minsoo,qa.dyn.inst.39866.566576@yopmail.com,삼성전자(주)
QA_DYN_39867,Wěi Wáng,qa.dyn.inst.39867.754341@yopmail.com,카카오(주)
QA_DYN_39868,Han Yerin,qa.dyn.inst.39868.845474@yopmail.com,네이버(주)
QA_DYN_39869,No Company User,qa.dyn.inst.39869.537141@yopmail.com,LG전자(주)
QA_DYN_39870,Lim Doyeon,qa.dyn.inst.39870.636309@yopmail.com,포스코홀딩스(주)
QA_DYN_39871,Kim Minsoo,qa.dyn.inst.39871.703532@yopmail.com,삼성전자(주)
QA_DYN_39872,Lee Jiyoon,qa.dyn.inst.39872.155833@yopmail.com,LG전자(주)
QA_DYN_39873,Park Hyunwoo,qa.dyn.inst.39873.853876@yopmail.com,SK하이닉스(주)
QA_DYN_39874,Choi Aram,qa.dyn.inst.39874.295670@yopmail.com,현대자동차(주)
QA_DYN_39875,Jung Sora,qa.dyn.inst.39875.702167@yopmail.com,롯데케미칼(주)
QA_DYN_39876,Kim Minsoo,qa.dyn.inst.39876.301057@yopmail.com,삼성전자(주)
QA_DYN_39877,Wěi Wáng,qa.dyn.inst.39877.531398@yopmail.com,카카오(주)
QA_DYN_39878,Han Yerin,qa.dyn.inst.39878.700799@yopmail.com,네이버(주)
QA_DYN_39879,No Company User,qa.dyn.inst.39879.838631@yopmail.com,LG전자(주)
QA_DYN_39880,Lim Doyeon,qa.dyn.inst.39880.849778@yopmail.com,포스코홀딩스(주)
QA_DYN_39881,Kim Minsoo,qa.dyn.inst.39881.929175@yopmail.com,삼성전자(주)
QA_DYN_39882,Lee Jiyoon,qa.dyn.inst.39882.970544@yopmail.com,LG전자(주)
QA_DYN_39883,Park Hyunwoo,qa.dyn.inst.39883.601363@yopmail.com,SK하이닉스(주)
QA_DYN_39884,Choi Aram,qa.dyn.inst.39884.250832@yopmail.com,현대자동차(주)
QA_DYN_39885,Jung Sora,qa.dyn.inst.39885.696401@yopmail.com,롯데케미칼(주)
QA_DYN_39886,Kim Minsoo,qa.dyn.inst.39886.966607@yopmail.com,삼성전자(주)
QA_DYN_39887,Wěi Wáng,qa.dyn.inst.39887.448813@yopmail.com,카카오(주)
QA_DYN_39888,Han Yerin,qa.dyn.inst.39888.877526@yopmail.com,네이버(주)
QA_DYN_39889,No Company User,qa.dyn.inst.39889.281372@yopmail.com,LG전자(주)
QA_DYN_39890,Lim Doyeon,qa.dyn.inst.39890.784955@yopmail.com,포스코홀딩스(주)
QA_DYN_39891,Kim Minsoo,qa.dyn.inst.39891.731991@yopmail.com,삼성전자(주)
QA_DYN_39892,Lee Jiyoon,qa.dyn.inst.39892.966712@yopmail.com,LG전자(주)
QA_DYN_39893,Park Hyunwoo,qa.dyn.inst.39893.761120@yopmail.com,SK하이닉스(주)
QA_DYN_39894,Choi Aram,qa.dyn.inst.39894.480224@yopmail.com,현대자동차(주)
QA_DYN_39895,Jung Sora,qa.dyn.inst.39895.554559@yopmail.com,롯데케미칼(주)
QA_DYN_39896,Kim Minsoo,qa.dyn.inst.39896.273343@yopmail.com,삼성전자(주)
QA_DYN_39897,Wěi Wáng,qa.dyn.inst.39897.311238@yopmail.com,카카오(주)
QA_DYN_39898,Han Yerin,qa.dyn.inst.39898.306503@yopmail.com,네이버(주)
QA_DYN_39899,No Company User,qa.dyn.inst.39899.664727@yopmail.com,LG전자(주)
QA_DYN_39900,Lim Doyeon,qa.dyn.inst.39900.714496@yopmail.com,포스코홀딩스(주)
QA_DYN_39901,Kim Minsoo,qa.dyn.inst.39901.179361@yopmail.com,삼성전자(주)
QA_DYN_39902,Lee Jiyoon,qa.dyn.inst.39902.465685@yopmail.com,LG전자(주)
QA_DYN_39903,Park Hyunwoo,qa.dyn.inst.39903.744621@yopmail.com,SK하이닉스(주)
QA_DYN_39904,Choi Aram,qa.dyn.inst.39904.755688@yopmail.com,현대자동차(주)
QA_DYN_39905,Jung Sora,qa.dyn.inst.39905.854836@yopmail.com,롯데케미칼(주)
QA_DYN_39906,Kim Minsoo,qa.dyn.inst.39906.201813@yopmail.com,삼성전자(주)
QA_DYN_39907,Wěi Wáng,qa.dyn.inst.39907.626464@yopmail.com,카카오(주)
QA_DYN_39908,Han Yerin,qa.dyn.inst.39908.760320@yopmail.com,네이버(주)
QA_DYN_39909,No Company User,qa.dyn.inst.39909.603461@yopmail.com,LG전자(주)
QA_DYN_39910,Lim Doyeon,qa.dyn.inst.39910.277765@yopmail.com,포스코홀딩스(주)
QA_DYN_39911,Kim Minsoo,qa.dyn.inst.39911.477596@yopmail.com,삼성전자(주)
QA_DYN_39912,Lee Jiyoon,qa.dyn.inst.39912.988991@yopmail.com,LG전자(주)
QA_DYN_39913,Park Hyunwoo,qa.dyn.inst.39913.511734@yopmail.com,SK하이닉스(주)
QA_DYN_39914,Choi Aram,qa.dyn.inst.39914.780434@yopmail.com,현대자동차(주)
QA_DYN_39915,Jung Sora,qa.dyn.inst.39915.169091@yopmail.com,롯데케미칼(주)
QA_DYN_39916,Kim Minsoo,qa.dyn.inst.39916.706069@yopmail.com,삼성전자(주)
QA_DYN_39917,Wěi Wáng,qa.dyn.inst.39917.675294@yopmail.com,카카오(주)
QA_DYN_39918,Han Yerin,qa.dyn.inst.39918.493124@yopmail.com,네이버(주)
QA_DYN_39919,No Company User,qa.dyn.inst.39919.403707@yopmail.com,LG전자(주)
QA_DYN_39920,Lim Doyeon,qa.dyn.inst.39920.646936@yopmail.com,포스코홀딩스(주)
QA_DYN_39921,Kim Minsoo,qa.dyn.inst.39921.163040@yopmail.com,삼성전자(주)
QA_DYN_39922,Lee Jiyoon,qa.dyn.inst.39922.621582@yopmail.com,LG전자(주)
QA_DYN_39923,Park Hyunwoo,qa.dyn.inst.39923.176008@yopmail.com,SK하이닉스(주)
QA_DYN_39924,Choi Aram,qa.dyn.inst.39924.475014@yopmail.com,현대자동차(주)
QA_DYN_39925,Jung Sora,qa.dyn.inst.39925.579984@yopmail.com,롯데케미칼(주)
QA_DYN_39926,Kim Minsoo,qa.dyn.inst.39926.934199@yopmail.com,삼성전자(주)
QA_DYN_39927,Wěi Wáng,qa.dyn.inst.39927.471488@yopmail.com,카카오(주)
QA_DYN_39928,Han Yerin,qa.dyn.inst.39928.348477@yopmail.com,네이버(주)
QA_DYN_39929,No Company User,qa.dyn.inst.39929.296294@yopmail.com,LG전자(주)
QA_DYN_39930,Lim Doyeon,qa.dyn.inst.39930.493132@yopmail.com,포스코홀딩스(주)
QA_DYN_39931,Kim Minsoo,qa.dyn.inst.39931.539727@yopmail.com,삼성전자(주)
QA_DYN_39932,Lee Jiyoon,qa.dyn.inst.39932.235300@yopmail.com,LG전자(주)
QA_DYN_39933,Park Hyunwoo,qa.dyn.inst.39933.721141@yopmail.com,SK하이닉스(주)
QA_DYN_39934,Choi Aram,qa.dyn.inst.39934.243172@yopmail.com,현대자동차(주)
QA_DYN_39935,Jung Sora,qa.dyn.inst.39935.225739@yopmail.com,롯데케미칼(주)
QA_DYN_39936,Kim Minsoo,qa.dyn.inst.39936.224823@yopmail.com,삼성전자(주)
QA_DYN_39937,Wěi Wáng,qa.dyn.inst.39937.573466@yopmail.com,카카오(주)
QA_DYN_39938,Han Yerin,qa.dyn.inst.39938.479109@yopmail.com,네이버(주)
QA_DYN_39939,No Company User,qa.dyn.inst.39939.743780@yopmail.com,LG전자(주)
QA_DYN_39940,Lim Doyeon,qa.dyn.inst.39940.621326@yopmail.com,포스코홀딩스(주)
QA_DYN_39941,Kim Minsoo,qa.dyn.inst.39941.388655@yopmail.com,삼성전자(주)
QA_DYN_39942,Lee Jiyoon,qa.dyn.inst.39942.712013@yopmail.com,LG전자(주)
QA_DYN_39943,Park Hyunwoo,qa.dyn.inst.39943.133334@yopmail.com,SK하이닉스(주)
QA_DYN_39944,Choi Aram,qa.dyn.inst.39944.994107@yopmail.com,현대자동차(주)
QA_DYN_39945,Jung Sora,qa.dyn.inst.39945.802715@yopmail.com,롯데케미칼(주)
QA_DYN_39946,Kim Minsoo,qa.dyn.inst.39946.433955@yopmail.com,삼성전자(주)
QA_DYN_39947,Wěi Wáng,qa.dyn.inst.39947.764633@yopmail.com,카카오(주)
QA_DYN_39948,Han Yerin,qa.dyn.inst.39948.854979@yopmail.com,네이버(주)
QA_DYN_39949,No Company User,qa.dyn.inst.39949.609296@yopmail.com,LG전자(주)
QA_DYN_39950,Lim Doyeon,qa.dyn.inst.39950.439210@yopmail.com,포스코홀딩스(주)
QA_DYN_39951,Kim Minsoo,qa.dyn.inst.39951.980016@yopmail.com,삼성전자(주)
QA_DYN_39952,Lee Jiyoon,qa.dyn.inst.39952.249759@yopmail.com,LG전자(주)
QA_DYN_39953,Park Hyunwoo,qa.dyn.inst.39953.259345@yopmail.com,SK하이닉스(주)
QA_DYN_39954,Choi Aram,qa.dyn.inst.39954.125463@yopmail.com,현대자동차(주)
QA_DYN_39955,Jung Sora,qa.dyn.inst.39955.831278@yopmail.com,롯데케미칼(주)
QA_DYN_39956,Kim Minsoo,qa.dyn.inst.39956.103930@yopmail.com,삼성전자(주)
QA_DYN_39957,Wěi Wáng,qa.dyn.inst.39957.681210@yopmail.com,카카오(주)
QA_DYN_39958,Han Yerin,qa.dyn.inst.39958.381468@yopmail.com,네이버(주)
QA_DYN_39959,No Company User,qa.dyn.inst.39959.170104@yopmail.com,LG전자(주)
QA_DYN_39960,Lim Doyeon,qa.dyn.inst.39960.881301@yopmail.com,포스코홀딩스(주)
QA_DYN_39961,Kim Minsoo,qa.dyn.inst.39961.485086@yopmail.com,삼성전자(주)
QA_DYN_39962,Lee Jiyoon,qa.dyn.inst.39962.785876@yopmail.com,LG전자(주)
QA_DYN_39963,Park Hyunwoo,qa.dyn.inst.39963.165898@yopmail.com,SK하이닉스(주)
QA_DYN_39964,Choi Aram,qa.dyn.inst.39964.985745@yopmail.com,현대자동차(주)
QA_DYN_39965,Jung Sora,qa.dyn.inst.39965.372154@yopmail.com,롯데케미칼(주)
QA_DYN_39966,Kim Minsoo,qa.dyn.inst.39966.743327@yopmail.com,삼성전자(주)
QA_DYN_39967,Wěi Wáng,qa.dyn.inst.39967.728288@yopmail.com,카카오(주)
QA_DYN_39968,Han Yerin,qa.dyn.inst.39968.873484@yopmail.com,네이버(주)
QA_DYN_39969,No Company User,qa.dyn.inst.39969.271248@yopmail.com,LG전자(주)
QA_DYN_39970,Lim Doyeon,qa.dyn.inst.39970.478717@yopmail.com,포스코홀딩스(주)
QA_DYN_39971,Kim Minsoo,qa.dyn.inst.39971.801221@yopmail.com,삼성전자(주)
QA_DYN_39972,Lee Jiyoon,qa.dyn.inst.39972.698185@yopmail.com,LG전자(주)
QA_DYN_39973,Park Hyunwoo,qa.dyn.inst.39973.425509@yopmail.com,SK하이닉스(주)
QA_DYN_39974,Choi Aram,qa.dyn.inst.39974.674281@yopmail.com,현대자동차(주)
QA_DYN_39975,Jung Sora,qa.dyn.inst.39975.572880@yopmail.com,롯데케미칼(주)
QA_DYN_39976,Kim Minsoo,qa.dyn.inst.39976.840795@yopmail.com,삼성전자(주)
QA_DYN_39977,Wěi Wáng,qa.dyn.inst.39977.110220@yopmail.com,카카오(주)
QA_DYN_39978,Han Yerin,qa.dyn.inst.39978.573353@yopmail.com,네이버(주)
QA_DYN_39979,No Company User,qa.dyn.inst.39979.629161@yopmail.com,LG전자(주)
QA_DYN_39980,Lim Doyeon,qa.dyn.inst.39980.233802@yopmail.com,포스코홀딩스(주)
QA_DYN_39981,Kim Minsoo,qa.dyn.inst.39981.848150@yopmail.com,삼성전자(주)
QA_DYN_39982,Lee Jiyoon,qa.dyn.inst.39982.830901@yopmail.com,LG전자(주)
QA_DYN_39983,Park Hyunwoo,qa.dyn.inst.39983.323975@yopmail.com,SK하이닉스(주)
QA_DYN_39984,Choi Aram,qa.dyn.inst.39984.226295@yopmail.com,현대자동차(주)
QA_DYN_39985,Jung Sora,qa.dyn.inst.39985.554836@yopmail.com,롯데케미칼(주)
QA_DYN_39986,Kim Minsoo,qa.dyn.inst.39986.127090@yopmail.com,삼성전자(주)
QA_DYN_39987,Wěi Wáng,qa.dyn.inst.39987.876480@yopmail.com,카카오(주)
QA_DYN_39988,Han Yerin,qa.dyn.inst.39988.603815@yopmail.com,네이버(주)
QA_DYN_39989,No Company User,qa.dyn.inst.39989.852374@yopmail.com,LG전자(주)
QA_DYN_39990,Lim Doyeon,qa.dyn.inst.39990.705340@yopmail.com,포스코홀딩스(주)
QA_DYN_39991,Kim Minsoo,qa.dyn.inst.39991.152164@yopmail.com,삼성전자(주)
QA_DYN_39992,Lee Jiyoon,qa.dyn.inst.39992.283527@yopmail.com,LG전자(주)
QA_DYN_39993,Park Hyunwoo,qa.dyn.inst.39993.439266@yopmail.com,SK하이닉스(주)
QA_DYN_39994,Choi Aram,qa.dyn.inst.39994.806088@yopmail.com,현대자동차(주)
QA_DYN_39995,Jung Sora,qa.dyn.inst.39995.837544@yopmail.com,롯데케미칼(주)
QA_DYN_39996,Kim Minsoo,qa.dyn.inst.39996.936045@yopmail.com,삼성전자(주)
QA_DYN_39997,Wěi Wáng,qa.dyn.inst.39997.911860@yopmail.com,카카오(주)
QA_DYN_39998,Han Yerin,qa.dyn.inst.39998.654160@yopmail.com,네이버(주)
QA_DYN_39999,No Company User,qa.dyn.inst.39999.160386@yopmail.com,LG전자(주)
QA_DYN_40000,Lim Doyeon,qa.dyn.inst.40000.161722@yopmail.com,포스코홀딩스(주)
